customer_value,recency,frequency,campaign,purchase
0.3537,3.0,4,1,0
0.2486,10.6,5,0,0
0.416,78.4,4,0,0
0.16,16.8,5,0,0
0.5503,83.8,5,0,0
0.1109,142.7,0,0,0
0.5099,22.4,5,1,0
0.1773,10.2,0,0,1
0.1983,46.9,4,1,0
0.3762,5.2,2,0,0
0.5435,8.7,3,0,0
0.0848,46.1,5,1,0
0.3579,17.1,2,1,1
0.2733,6.8,3,1,1
0.1344,31.6,2,1,0
0.3533,39.6,6,0,0
0.1328,4.0,1,0,1
0.3264,9.7,2,1,0
0.1658,7.5,3,1,0
0.2077,14.3,4,0,0
0.2634,43.2,1,0,0
0.39,37.5,2,0,1
0.1536,32.6,2,1,0
0.3055,0.2,2,0,0
0.2033,4.6,3,0,0
0.1839,7.6,3,0,0
0.3678,9.5,0,0,0
0.2021,4.7,5,1,0
0.1863,15.8,4,0,1
0.2835,2.3,4,1,1
0.1004,41.6,0,0,0
0.2077,46.5,3,0,0
0.3096,25.6,4,1,1
0.0444,2.8,2,1,1
0.1246,66.2,1,0,0
0.211,101.1,2,0,0
0.3582,6.8,4,0,1
0.6522,36.6,3,0,0
0.1623,55.3,2,0,0
0.0694,23.3,2,0,0
0.0768,11.7,3,0,0
0.1744,19.5,2,0,0
0.5435,21.5,3,1,1
0.0617,15.4,1,0,0
0.2357,79.7,5,0,0
0.3133,40.9,1,0,0
0.1526,8.3,3,1,0
0.3869,26.4,3,0,0
0.4846,35.0,2,1,0
0.0959,4.5,2,1,1
0.3662,13.3,3,0,0
0.2984,70.8,4,0,0
0.2238,25.1,3,0,0
0.1643,7.3,0,0,0
0.4614,3.9,2,0,0
0.0983,21.9,1,0,0
0.1792,23.8,1,0,0
0.343,12.2,3,1,0
0.2747,29.9,2,0,0
0.4433,2.1,2,0,0
0.1327,4.7,3,0,0
0.4006,23.7,2,0,0
0.3226,1.9,3,0,0
0.2924,63.8,3,0,1
0.1136,4.6,2,0,0
0.3416,33.6,4,0,0
0.17,14.9,2,1,0
0.8015,15.3,3,0,1
0.1318,43.4,2,0,0
0.1255,20.8,2,1,0
0.337,38.8,2,1,0
0.0344,21.1,3,0,0
0.1594,27.0,3,0,1
0.2615,42.9,3,1,0
0.2491,28.0,2,0,1
0.0686,28.7,3,0,0
0.4595,46.7,1,0,0
0.5415,89.3,4,0,0
0.2606,14.2,4,1,0
0.0675,25.8,2,1,0
0.0468,2.7,1,1,1
0.1271,13.3,3,0,0
0.3266,15.9,3,1,0
0.1191,54.1,2,0,0
0.1078,21.6,4,0,1
0.3246,39.4,4,1,1
0.2194,0.6,2,1,0
0.3048,18.7,4,0,0
0.4037,69.5,3,0,1
0.1841,7.6,1,0,0
0.2345,1.0,4,1,0
0.1751,17.0,0,0,0
0.2673,36.6,5,1,0
0.2387,18.2,1,1,0
0.3258,18.5,4,0,0
0.4435,33.2,2,0,0
0.3856,8.8,1,1,1
0.0962,41.8,5,0,0
0.209,5.0,3,0,0
0.1662,15.1,2,0,1
0.2272,32.0,2,0,0
0.4759,52.9,7,0,1
0.1159,47.0,4,1,1
0.1719,38.4,2,1,0
0.2409,13.3,0,0,0
0.1966,3.9,2,1,1
0.1545,7.3,1,1,1
0.3025,60.0,2,0,0
0.2629,58.4,3,0,1
0.1784,90.8,3,0,0
0.0714,2.4,3,0,0
0.368,23.1,4,1,0
0.165,31.4,1,0,1
0.6464,37.2,4,0,0
0.5031,31.0,4,1,0
0.4086,44.1,2,0,1
0.3785,13.4,4,0,0
0.4808,5.9,6,1,1
0.4502,6.9,6,1,0
0.3149,0.4,2,0,0
0.3458,12.9,2,0,1
0.5387,2.9,0,1,1
0.3062,11.6,3,1,0
0.1456,29.7,1,0,0
0.4519,67.5,5,0,0
0.3599,54.9,5,1,0
0.0619,8.7,3,1,0
0.2329,4.3,2,0,0
0.1921,6.4,3,0,0
0.5199,106.2,4,0,0
0.2202,23.9,2,0,0
0.1377,6.0,3,1,0
0.472,55.1,2,0,0
0.1588,15.1,2,1,0
0.0597,68.8,1,0,0
0.3408,9.1,1,1,0
0.3066,15.0,5,1,1
0.279,21.1,2,0,1
0.3288,66.9,5,0,0
0.4065,60.9,2,1,0
0.3235,25.6,1,0,1
0.1813,7.5,5,1,1
0.1103,15.5,4,1,0
0.0626,111.4,3,0,0
0.3894,28.1,1,0,0
0.2208,45.6,6,0,0
0.1706,17.9,2,0,0
0.0676,22.8,3,1,0
0.2064,16.8,0,0,0
0.3588,36.4,3,0,0
0.3169,57.2,4,1,1
0.1366,21.2,4,0,0
0.2171,19.7,4,0,0
0.1364,12.5,0,0,0
0.0637,5.8,4,1,0
0.5786,84.0,5,1,0
0.1674,11.4,3,0,0
0.4858,48.4,2,0,1
0.2231,37.7,3,1,1
0.3734,47.0,5,1,0
0.3866,82.8,0,0,0
0.291,29.3,4,1,0
0.3585,68.5,1,0,1
0.3688,5.5,6,0,1
0.4339,29.6,3,1,0
0.0593,44.4,4,1,0
0.1537,9.5,1,1,0
0.6909,40.5,4,1,1
0.0493,45.2,6,0,0
0.1859,53.4,2,1,0
0.2716,11.3,6,1,0
0.3219,34.3,4,1,0
0.4821,10.9,4,0,0
0.3197,40.3,3,0,0
0.4916,18.7,3,1,1
0.1842,27.3,2,0,0
0.0294,16.1,3,0,0
0.4383,5.3,3,0,0
0.2202,5.9,3,1,1
0.1273,2.4,2,1,0
0.5623,28.9,2,0,0
0.1352,56.6,5,1,0
0.1893,0.6,1,0,1
0.2789,2.1,2,0,0
0.2585,18.3,6,1,1
0.1714,40.2,4,0,0
0.3903,5.1,1,1,0
0.1388,9.5,3,1,0
0.4659,7.9,3,1,1
0.6158,15.3,2,1,0
0.3074,7.6,1,1,1
0.3117,13.0,4,0,1
0.1347,39.1,5,0,0
0.7239,28.3,2,1,1
0.1191,2.5,1,0,1
0.2854,30.5,4,0,1
0.5143,19.4,3,1,0
0.1565,81.8,5,0,0
0.2606,10.2,2,0,0
0.1398,38.9,1,0,0
0.3881,39.4,2,0,0
0.4642,7.5,1,0,0
0.1285,70.1,7,0,1
0.0552,20.3,2,0,0
0.0173,34.1,6,0,1
0.1592,4.7,3,0,0
0.2667,8.9,1,1,1
0.5297,26.5,4,1,1
0.3071,11.5,7,0,0
0.2505,20.8,0,0,0
0.4036,14.1,5,1,0
0.3696,30.7,3,1,1
0.2208,20.0,5,1,0
0.0907,0.1,3,0,0
0.4263,31.5,2,0,0
0.3077,16.5,3,0,0
0.0869,12.5,2,0,0
0.3199,3.0,5,0,0
0.1725,7.5,3,0,0
0.5236,7.6,4,0,1
0.1441,82.2,2,0,0
0.4369,17.0,1,0,0
0.562,1.3,5,0,0
0.2039,4.5,4,1,0
0.2653,2.5,5,0,0
0.343,26.7,5,1,0
0.3082,6.2,3,1,1
0.0785,20.7,5,0,0
0.2042,13.9,2,0,0
0.4676,48.9,1,0,0
0.2244,11.6,3,0,0
0.5643,18.4,6,1,0
0.4584,38.3,4,0,0
0.2287,17.0,1,0,0
0.1942,47.3,6,1,0
0.114,32.5,3,0,1
0.1189,15.9,2,1,0
0.2243,21.0,0,0,0
0.1748,102.5,4,0,0
0.2381,32.5,1,0,1
0.4379,70.6,4,1,1
0.3051,5.9,2,1,0
0.411,19.8,6,1,0
0.2384,71.8,2,0,0
0.3056,11.7,2,0,0
0.2243,102.9,6,0,0
0.2283,3.1,5,1,0
0.6014,69.9,1,1,0
0.1861,17.7,4,1,1
0.3322,2.3,1,1,1
0.1536,63.5,4,0,0
0.5896,8.7,3,0,0
0.136,0.7,3,1,0
0.1453,4.4,3,0,0
0.4696,32.3,1,0,0
0.3471,114.2,3,0,0
0.2244,3.5,2,1,1
0.3807,18.6,3,0,1
0.2527,6.0,3,0,0
0.1918,41.0,1,0,1
0.2178,3.8,3,1,1
0.547,8.2,4,0,0
0.432,6.6,3,1,0
0.3375,24.1,4,0,1
0.2801,62.0,4,0,1
0.2047,21.5,2,1,1
0.1978,1.8,2,0,0
0.4201,24.9,0,0,1
0.0946,47.9,2,0,0
0.0683,4.3,4,0,1
0.3734,2.3,3,1,1
0.1815,6.2,2,1,1
0.4688,41.1,6,1,0
0.4418,26.9,1,1,0
0.2731,23.3,2,0,0
0.4417,8.6,6,1,1
0.4515,12.1,1,1,1
0.5143,101.3,2,0,0
0.1985,8.3,5,0,0
0.0562,69.6,3,1,0
0.0131,26.1,7,1,0
0.4422,3.9,2,1,0
0.2563,18.9,2,0,0
0.1201,89.0,1,0,0
0.2907,16.3,0,0,0
0.2484,59.7,2,0,1
0.2731,8.9,2,0,0
0.231,25.4,4,0,0
0.3978,55.7,1,0,0
0.1228,76.0,6,0,0
0.2443,20.0,3,0,1
0.1691,30.6,6,1,1
0.363,0.1,5,0,0
0.1594,8.8,1,0,1
0.098,9.8,3,1,1
0.3259,2.9,5,1,0
0.3065,9.8,1,0,0
0.0767,11.6,4,0,0
0.4729,104.0,3,0,0
0.3157,33.1,1,1,0
0.2063,16.7,2,0,0
0.0387,132.8,3,0,0
0.4169,5.0,2,1,1
0.3053,19.4,3,0,0
0.3604,31.2,3,1,0
0.3197,1.7,3,1,0
0.0604,37.9,3,0,0
0.2177,3.2,2,1,1
0.4234,4.5,1,0,1
0.0858,5.2,1,1,0
0.2411,79.3,4,0,0
0.1068,34.5,2,0,0
0.394,32.0,1,0,1
0.2557,24.3,2,0,0
0.3841,10.4,4,0,0
0.3661,29.1,1,1,0
0.5816,15.8,4,1,1
0.5622,4.7,3,1,0
0.0884,35.1,3,0,1
0.3446,4.2,2,1,0
0.6096,6.3,1,1,1
0.3141,51.1,3,1,0
0.6479,32.4,0,0,1
0.2265,29.9,2,1,0
0.4532,16.2,4,0,1
0.5996,15.1,1,1,1
0.1362,35.2,0,1,0
0.2361,40.4,0,0,0
0.6047,21.4,4,0,0
0.292,104.5,1,0,0
0.4004,93.5,3,0,0
0.4508,16.0,4,0,1
0.1848,51.5,1,0,0
0.4102,23.5,3,0,1
0.3497,21.5,2,0,0
0.1756,1.7,3,0,0
0.2053,25.6,2,0,0
0.6086,69.3,2,1,0
0.1417,45.4,2,0,0
0.4359,46.3,2,0,0
0.3082,5.2,4,0,1
0.455,13.3,3,1,0
0.4275,8.0,2,0,0
0.2782,11.4,3,1,1
0.1852,26.0,4,0,1
0.5553,13.6,4,1,1
0.5032,24.7,3,0,1
0.3218,17.3,5,1,0
0.294,10.1,0,0,1
0.1254,3.0,1,0,0
0.4444,66.7,2,0,0
0.5758,0.3,4,1,0
0.1238,0.0,3,1,0
0.1417,52.6,4,0,0
0.1873,172.4,2,0,0
0.1913,39.0,0,0,0
0.275,0.5,1,0,0
0.2595,7.7,4,1,1
0.116,107.1,2,0,0
0.5879,49.6,3,0,0
0.1418,25.1,6,1,0
0.2671,8.1,3,1,1
0.1693,0.4,2,0,1
0.5051,0.6,2,1,1
0.2152,28.4,2,0,0
0.3027,0.7,5,1,0
0.6043,151.7,3,0,1
0.2264,6.1,1,0,0
0.33,37.2,5,1,0
0.1553,5.1,3,1,1
0.264,23.3,3,0,0
0.3871,2.5,2,1,0
0.122,43.7,2,0,0
0.2307,26.4,4,0,0
0.3374,2.7,3,1,0
0.0724,56.6,6,1,0
0.3782,23.8,0,0,0
0.3194,76.4,3,0,0
0.1973,74.5,4,1,0
0.2872,76.0,2,0,0
0.6008,2.4,2,1,1
0.0971,3.9,2,0,0
0.275,132.0,2,0,0
0.5046,20.1,1,1,1
0.1595,8.2,5,1,1
0.2144,44.0,2,0,1
0.4632,9.2,2,0,1
0.2781,39.0,1,0,0
0.185,54.5,6,0,0
0.1146,46.0,2,0,0
0.4229,9.6,2,0,1
0.6441,15.4,3,1,1
0.3083,16.0,5,1,0
0.4106,20.3,1,1,1
0.1961,5.5,6,1,1
0.1389,18.1,5,1,1
0.0985,21.4,6,0,0
0.3673,22.8,5,1,1
0.5074,51.4,3,0,1
0.2365,21.9,3,1,0
0.4056,7.9,2,1,1
0.2649,32.6,3,0,0
0.3808,47.9,6,1,1
0.2253,11.5,5,0,1
0.0452,31.1,2,1,0
0.1644,4.8,1,0,0
0.1914,12.6,7,1,1
0.2616,72.0,4,1,0
0.3564,72.7,2,0,0
0.0807,25.7,3,0,0
0.1085,36.4,5,0,0
0.2455,57.7,2,0,0
0.5454,95.5,2,0,0
0.3355,20.2,3,1,0
0.1119,24.7,5,0,0
0.0786,16.1,3,0,0
0.2232,2.2,3,1,0
0.2393,16.5,2,0,0
0.4692,46.9,4,0,0
0.1093,49.0,7,0,0
0.3508,66.9,1,0,0
0.1147,1.6,3,0,0
0.521,22.5,3,1,0
0.4629,3.4,3,0,1
0.4458,6.7,2,1,0
0.4507,69.1,1,0,0
0.2078,20.6,4,0,1
0.5531,42.6,4,1,1
0.2414,2.0,6,1,1
0.3522,16.2,3,1,0
0.5623,33.6,3,1,0
0.066,4.3,3,0,0
0.478,11.8,3,1,1
0.362,2.0,6,1,1
0.4016,31.6,5,0,1
0.1448,106.1,5,0,0
0.1485,52.6,3,0,0
0.2673,110.2,4,0,0
0.2665,56.0,2,0,0
0.2017,58.0,1,0,0
0.5191,25.8,1,1,0
0.0126,21.9,3,0,0
0.2301,15.6,0,0,1
0.0892,51.1,4,1,0
0.5437,6.0,2,1,1
0.3381,1.7,6,1,1
0.221,88.6,4,0,0
0.1223,0.1,2,0,0
0.3272,112.9,5,1,0
0.1,39.2,1,0,0
0.3376,11.9,7,1,1
0.5829,35.9,2,1,0
0.549,51.1,1,0,1
0.1444,8.4,5,1,0
0.5398,44.2,3,1,1
0.0491,48.9,1,1,0
0.2269,8.6,6,1,1
0.1507,1.3,5,1,0
0.0398,6.8,4,0,0
0.42,6.7,4,1,0
0.4703,2.0,3,1,1
0.4593,38.8,4,1,0
0.2929,14.3,2,0,1
0.3253,64.7,3,1,1
0.6083,8.7,0,0,0
0.228,18.1,3,1,0
0.3286,30.6,3,0,0
0.1889,63.0,2,1,0
0.4759,22.3,3,0,0
0.462,14.0,3,0,0
0.3355,60.5,1,0,0
0.2913,11.1,1,1,0
0.301,2.5,1,0,0
0.3272,17.7,2,0,1
0.0676,46.1,2,0,0
0.3328,0.9,1,0,0
0.5689,26.4,3,0,0
0.1687,27.1,3,0,1
0.3235,79.2,0,0,0
0.2595,10.1,2,0,0
0.2107,9.8,2,0,0
0.4454,17.4,6,1,0
0.1925,13.2,4,1,1
0.4216,40.0,2,0,1
0.3148,30.8,5,0,0
0.0892,42.7,2,0,0
0.1814,51.5,5,1,0
0.2889,76.9,3,1,1
0.1912,16.9,2,0,0
0.2546,125.4,2,0,0
0.2626,7.3,4,1,1
0.1869,37.6,3,1,0
0.1236,22.9,4,1,0
0.3591,50.9,7,0,0
0.0072,19.4,4,1,0
0.2254,46.0,5,1,1
0.3683,79.9,1,0,0
0.4701,39.5,2,1,0
0.2334,44.9,4,1,0
0.6046,2.1,0,0,0
0.1116,6.9,3,0,1
0.2918,109.8,1,1,1
0.2437,35.4,2,1,0
0.0912,24.7,2,0,1
0.3424,13.7,3,1,1
0.2614,1.4,3,0,0
0.1055,13.8,3,0,0
0.3394,20.7,3,1,0
0.0667,7.1,2,0,0
0.3948,5.7,3,0,1
0.1702,21.3,1,0,0
0.6912,26.4,3,1,0
0.1702,8.2,3,1,0
0.2597,26.6,5,1,0
0.3409,69.2,6,1,1
0.1936,19.2,1,0,0
0.4421,58.4,2,1,0
0.2918,78.6,5,0,0
0.0432,2.9,3,0,1
0.0853,3.0,3,1,1
0.4738,19.4,3,1,0
0.274,26.6,0,1,0
0.2374,16.6,0,1,0
0.2671,11.9,1,0,0
0.1035,30.7,3,0,0
0.228,0.1,4,1,0
0.2627,103.3,3,0,0
0.6891,7.9,2,1,1
0.2506,74.7,3,0,0
0.2446,3.5,1,1,0
0.2767,8.2,1,0,0
0.2722,8.0,1,0,0
0.2299,166.8,3,0,0
0.4257,0.1,3,1,0
0.2227,30.6,3,1,0
0.4774,61.1,5,0,0
0.231,33.5,5,1,1
0.4314,13.5,5,1,1
0.3869,95.3,3,0,0
0.2087,67.2,1,0,0
0.09,17.1,2,1,0
0.6039,25.6,2,0,0
0.2265,102.8,0,0,0
0.3043,121.5,2,0,0
0.1646,17.9,2,0,0
0.1824,56.4,1,0,0
0.4766,10.8,2,1,0
0.5264,13.9,2,0,0
0.3609,5.4,4,1,0
0.251,7.0,1,0,1
0.3835,32.1,7,1,0
0.1959,21.4,5,1,1
0.2976,7.9,2,0,0
0.1324,15.5,1,1,0
0.1263,14.0,2,1,0
0.3548,131.1,4,0,0
0.322,57.6,1,0,0
0.3108,14.7,3,0,0
0.2266,73.6,8,0,0
0.3117,12.6,2,0,0
0.1722,33.1,3,0,1
0.0415,102.0,2,0,0
0.2762,14.8,2,1,0
0.0943,34.2,4,1,1
0.4118,10.5,9,1,1
0.5157,9.3,3,1,0
0.6342,25.6,5,1,0
0.2717,116.3,3,0,0
0.1612,18.1,1,1,0
0.302,83.2,2,0,0
0.2475,73.7,2,0,1
0.2774,8.8,5,1,1
0.4722,15.4,5,1,0
0.219,30.9,2,0,0
0.2513,21.9,2,0,1
0.1345,3.0,6,0,0
0.2575,152.0,2,0,0
0.5758,41.9,6,0,1
0.1748,17.3,3,1,0
0.4404,28.9,2,1,0
0.24,2.7,3,1,1
0.4458,20.5,2,1,0
0.4181,80.1,5,1,0
0.1248,68.1,1,0,1
0.4136,12.3,4,0,0
0.0855,22.7,4,0,0
0.1024,35.9,5,1,0
0.2285,12.5,4,1,1
0.5467,2.0,3,0,1
0.3511,21.1,3,0,0
0.1394,27.6,2,0,0
0.0537,0.2,1,0,0
0.3807,3.0,2,1,0
0.2794,7.0,5,0,1
0.3067,12.8,4,1,0
0.343,23.4,2,0,0
0.4761,10.4,3,0,1
0.2555,9.7,2,0,0
0.5012,61.1,6,0,0
0.154,4.7,4,1,1
0.0632,20.5,6,0,0
0.4483,91.6,3,1,1
0.11,29.4,0,1,1
0.2998,37.9,2,1,0
0.5363,16.9,5,1,1
0.0671,0.6,4,0,0
0.3373,31.2,2,0,0
0.0616,30.0,1,0,0
0.2669,3.5,4,1,0
0.0147,18.6,6,1,0
0.0929,74.1,8,1,1
0.1621,6.9,2,0,0
0.0556,18.5,1,1,1
0.3629,18.5,3,1,0
0.3262,49.9,2,0,0
0.5517,52.2,4,0,0
0.1099,42.7,2,0,0
0.2172,13.6,6,0,0
0.0782,2.2,2,1,0
0.1768,12.9,0,0,0
0.5954,34.2,4,1,0
0.3972,36.4,3,0,1
0.1056,100.6,3,0,0
0.0312,18.1,1,1,0
0.028,30.0,5,0,1
0.368,23.2,4,0,0
0.1591,4.9,2,1,0
0.7381,18.6,4,1,1
0.2437,23.6,4,1,0
0.171,90.3,2,0,0
0.0807,13.7,4,0,0
0.4478,117.5,3,0,0
0.1974,23.4,3,1,0
0.2615,8.3,1,0,1
0.2792,6.4,4,1,1
0.2492,4.6,3,1,1
0.3888,18.1,2,1,1
0.0898,0.7,3,0,0
0.2394,17.7,3,0,0
0.2005,133.7,2,0,0
0.401,33.3,4,0,0
0.4674,42.8,0,0,0
0.1279,3.8,1,0,0
0.4037,19.2,4,1,0
0.0895,10.1,2,1,0
0.2478,67.4,5,1,0
0.2645,6.0,3,1,1
0.455,18.4,6,0,1
0.3895,26.6,3,0,0
0.0972,21.6,3,1,1
0.3829,53.2,3,0,1
0.2978,7.9,2,0,1
0.5904,14.2,3,1,1
0.1761,47.1,1,0,0
0.2144,22.5,5,0,1
0.6205,15.4,2,1,0
0.4872,0.9,0,0,0
0.0962,42.0,9,0,0
0.2497,107.5,3,0,0
0.3412,29.1,5,1,0
0.4009,58.3,1,0,0
0.1179,21.8,4,1,0
0.5573,7.9,4,1,0
0.0629,0.4,3,1,0
0.123,31.8,4,1,0
0.5303,20.4,2,1,0
0.271,45.7,3,1,0
0.2771,35.6,5,0,0
0.3012,132.6,2,0,0
0.1401,21.4,3,0,0
0.0737,16.7,2,0,1
0.3292,10.1,4,0,0
0.3598,19.4,1,0,0
0.3098,61.9,1,0,0
0.1804,1.3,3,1,0
0.1105,114.4,2,0,0
0.2269,150.2,3,0,0
0.6389,27.3,5,0,1
0.2431,12.1,2,1,0
0.216,7.6,1,0,1
0.2486,9.7,4,1,1
0.2375,1.5,3,0,0
0.5319,19.3,6,1,1
0.3904,1.8,3,1,1
0.1697,38.0,4,0,0
0.204,14.0,1,0,0
0.2549,6.7,6,1,0
0.2891,23.6,4,1,0
0.1408,109.2,4,0,0
0.1885,35.6,4,0,0
0.5652,20.3,4,0,1
0.5441,45.0,1,1,0
0.2075,40.1,2,0,0
0.1938,66.7,5,1,1
0.3917,6.9,2,1,1
0.0549,58.7,5,1,0
0.5132,10.7,2,0,0
0.168,84.9,0,1,0
0.3498,9.9,3,0,0
0.0647,78.5,4,0,0
0.3992,99.6,1,0,0
0.3602,4.7,1,1,1
0.3368,110.1,4,0,0
0.1257,2.7,3,0,1
0.1867,7.4,3,0,0
0.3091,17.6,3,1,0
0.1611,151.5,2,0,0
0.156,20.1,2,0,0
0.4892,24.0,3,1,1
0.0406,35.6,2,0,0
0.5013,103.5,4,0,1
0.1255,45.9,2,0,0
0.3783,7.6,3,0,0
0.3222,10.8,1,1,0
0.1214,3.1,4,1,0
0.1648,31.0,2,0,0
0.4211,6.0,4,1,1
0.2231,8.9,3,0,1
0.7475,65.7,4,1,0
0.1765,11.9,5,1,1
0.1694,25.1,5,0,0
0.1012,15.2,3,1,0
0.1552,2.3,2,0,0
0.2517,13.5,2,0,1
0.6988,15.7,1,1,0
0.1629,67.8,3,0,0
0.0359,11.8,3,0,0
0.1869,14.3,1,1,1
0.2802,45.8,0,0,0
0.504,42.7,2,1,1
0.2905,48.0,1,1,0
0.2137,92.2,5,0,0
0.1742,47.6,4,0,1
0.3992,15.7,3,0,0
0.2659,51.7,6,0,0
0.402,21.3,5,1,1
0.1054,9.8,3,1,0
0.1896,10.8,6,0,0
0.3548,7.6,4,1,0
0.0785,4.7,1,0,0
0.1235,6.1,5,1,0
0.2414,2.0,8,1,0
0.4689,65.8,2,1,0
0.5492,80.2,2,0,0
0.1321,26.5,4,1,0
0.2989,55.1,4,0,0
0.5147,6.1,1,1,0
0.4009,69.6,0,0,0
0.2842,21.2,3,0,1
0.3175,2.1,2,1,1
0.1385,4.6,6,0,0
0.201,11.1,2,1,0
0.2419,1.3,2,0,0
0.2296,11.1,3,1,0
0.2157,1.9,4,1,0
0.1231,8.1,4,1,0
0.5161,9.3,1,0,0
0.2623,155.4,2,0,0
0.231,8.1,8,1,1
0.096,8.2,3,1,1
0.3404,34.8,3,0,0
0.1569,58.8,3,0,1
0.162,14.7,2,0,0
0.1946,62.5,2,0,0
0.3889,12.5,2,0,1
0.324,6.6,1,0,0
0.057,12.0,5,0,0
0.5068,28.2,6,0,0
0.3044,13.7,3,1,1
0.2972,33.5,6,0,1
0.1367,8.1,2,0,0
0.4491,36.2,3,1,1
0.2518,12.8,2,1,1
0.1695,18.3,3,0,0
0.0801,24.5,5,1,0
0.2325,34.8,3,1,0
0.4842,8.2,3,1,0
0.1693,54.2,3,0,0
0.0748,38.4,5,0,0
0.1852,8.0,4,1,1
0.168,110.6,3,1,1
0.2763,32.8,1,0,0
0.131,18.1,4,0,0
0.1543,5.1,1,1,1
0.0899,22.9,7,0,0
0.3466,5.4,5,0,0
0.165,16.8,4,0,0
0.1454,15.8,7,0,1
0.4512,38.2,4,1,0
0.5292,6.4,7,1,1
0.3772,51.8,4,0,0
0.4977,11.8,3,1,1
0.4232,17.6,1,0,0
0.2173,44.4,3,0,0
0.1055,29.5,1,1,0
0.1771,11.0,4,0,0
0.156,14.6,3,0,0
0.3583,10.9,3,0,0
0.2382,27.1,3,1,1
0.0444,12.1,2,0,0
0.1774,38.8,4,0,0
0.0811,26.0,6,1,0
0.2333,4.7,1,0,0
0.4563,11.1,6,1,1
0.111,7.5,7,1,0
0.5241,14.8,2,0,0
0.2494,21.8,3,0,0
0.3577,21.2,1,0,0
0.1411,42.1,2,1,0
0.2562,6.3,2,1,0
0.524,87.8,3,0,0
0.4819,12.6,3,1,1
0.264,10.7,4,0,1
0.2235,34.7,0,0,0
0.2764,49.1,2,0,0
0.3211,14.3,3,1,1
0.5574,41.2,4,0,0
0.1622,64.6,1,1,0
0.1548,43.7,1,0,0
0.2096,1.0,3,1,1
0.1069,52.7,3,0,0
0.3644,44.7,3,0,0
0.0699,33.2,4,0,0
0.5753,42.8,2,1,1
0.2817,116.5,4,0,0
0.3794,16.9,5,1,1
0.0457,2.1,5,0,0
0.3907,18.5,5,0,1
0.3259,1.4,1,1,1
0.3451,10.5,1,0,0
0.237,26.5,1,0,0
0.4244,11.1,5,1,0
0.1288,34.7,5,1,1
0.3299,51.8,5,0,0
0.0668,16.4,1,1,1
0.1057,69.1,2,1,0
0.5358,2.5,3,1,0
0.1596,55.0,3,0,0
0.1229,52.9,3,0,0
0.31,11.7,3,1,1
0.5007,10.6,1,1,1
0.1925,10.9,2,0,1
0.6798,50.0,1,0,0
0.1658,53.5,3,0,0
0.4453,12.0,6,1,1
0.2871,26.9,4,0,0
0.2052,4.5,5,1,1
0.3569,19.0,3,0,0
0.0872,201.6,1,0,0
0.2379,5.2,2,1,1
0.2126,88.4,5,1,0
0.338,52.2,7,0,0
0.2905,107.5,5,0,0
0.3479,5.9,3,0,0
0.4222,7.2,4,1,1
0.2425,0.5,2,1,0
0.3025,38.7,3,0,0
0.5686,31.0,4,1,0
0.2939,5.9,1,1,1
0.2372,47.0,4,0,0
0.4348,10.7,4,1,0
0.2477,4.4,1,0,1
0.5915,16.5,0,1,1
0.4941,2.9,2,1,1
0.1928,9.2,3,0,0
0.2157,13.9,4,0,0
0.4548,57.3,3,0,0
0.432,47.2,3,1,0
0.4727,17.5,2,0,0
0.2539,38.7,3,0,1
0.2857,25.2,4,1,1
0.2318,12.5,6,0,0
0.2332,38.8,3,0,0
0.1697,34.5,5,0,1
0.4915,29.0,3,0,0
0.332,28.9,3,0,0
0.3427,34.5,2,0,0
0.4732,14.6,3,0,1
0.0578,61.0,2,0,0
0.3343,5.3,2,0,1
0.5056,64.6,5,0,1
0.1093,12.6,4,1,0
0.4764,4.0,0,0,1
0.3352,27.5,2,0,0
0.3113,14.1,4,1,1
0.3157,50.7,5,0,0
0.1343,16.9,2,0,1
0.0426,33.1,2,0,0
0.4402,11.1,4,0,0
0.1196,7.1,3,0,0
0.2001,14.7,4,1,1
0.7008,28.0,2,1,1
0.2818,32.1,4,1,1
0.3493,25.9,2,1,1
0.1835,132.8,0,0,0
0.5023,35.2,3,0,0
0.0625,80.4,3,0,0
0.4354,3.8,5,1,0
0.0921,1.9,6,0,0
0.6258,11.2,2,1,0
0.377,4.4,10,1,0
0.1272,22.4,3,0,0
0.2744,22.0,1,0,1
0.3826,25.7,5,1,0
0.1784,41.0,3,0,0
0.2163,106.6,2,0,0
0.521,63.2,2,0,0
0.2791,3.8,6,1,1
0.485,12.4,1,1,0
0.3481,8.9,2,0,1
0.3777,5.8,5,1,1
0.4553,23.6,2,1,0
0.5646,24.2,4,1,0
0.1353,7.7,3,0,0
0.4189,37.3,3,0,1
0.6277,39.6,3,1,1
0.4233,0.6,1,0,1
0.3243,15.1,1,1,0
0.5237,66.3,4,0,0
0.6844,22.0,4,1,1
0.3593,12.8,2,0,1
0.394,8.8,4,1,0
0.38,8.4,2,1,0
0.0842,3.2,2,0,0
0.4372,51.0,3,0,1
0.0941,2.7,3,1,0
0.3983,10.4,2,1,0
0.0777,1.4,2,1,0
0.1282,45.6,2,0,0
0.2143,1.2,1,1,0
0.1898,11.1,2,1,0
0.4495,25.6,3,1,1
0.2341,15.8,1,0,0
0.1005,9.9,3,1,0
0.1753,9.7,1,0,0
0.3112,48.0,1,1,0
0.3073,109.5,3,0,0
0.3162,12.8,4,1,0
0.4493,1.2,7,1,1
0.4993,1.1,2,1,1
0.3797,42.7,3,0,0
0.2588,24.1,2,1,0
0.2172,45.9,4,0,1
0.6337,35.9,1,0,0
0.3024,71.4,3,0,0
0.3532,65.1,6,0,0
0.196,46.6,1,0,0
0.1946,19.3,4,0,0
0.1202,11.1,3,0,1
0.2882,21.2,3,1,0
0.1945,20.9,2,1,0
0.2219,28.3,3,1,0
0.4924,6.2,4,1,0
0.0851,32.0,1,0,0
0.1708,18.3,3,1,1
0.3275,29.0,4,1,1
0.3146,8.2,4,1,0
0.5591,17.1,3,1,1
0.0569,7.1,2,0,0
0.5216,62.5,4,0,0
0.1109,20.1,6,0,0
0.2265,7.6,3,1,0
0.0823,1.3,7,1,1
0.0203,33.8,3,0,0
0.5151,7.2,2,1,1
0.1524,136.9,2,0,0
0.4016,22.9,5,0,0
0.1935,10.2,4,1,0
0.5676,32.2,1,1,0
0.2075,9.7,3,0,0
0.243,51.5,1,0,0
0.1687,11.1,5,0,1
0.1198,133.3,4,0,0
0.4282,27.9,0,0,0
0.2805,55.8,2,1,1
0.0255,2.3,2,0,0
0.5759,12.8,3,0,0
0.2467,40.1,6,1,0
0.1266,31.9,3,0,0
0.0769,6.5,3,1,0
0.1318,13.2,3,0,0
0.3424,9.2,3,0,0
0.4423,28.5,2,1,0
0.229,12.7,1,0,0
0.8133,11.1,1,1,0
0.2079,7.0,2,0,0
0.2608,15.8,1,0,0
0.1095,6.5,4,0,0
0.2509,98.6,5,0,0
0.4615,5.0,5,1,0
0.6225,73.4,2,0,0
0.3985,16.8,4,1,1
0.0587,14.2,2,0,0
0.0997,7.9,4,0,0
0.0587,30.3,4,1,1
0.1405,34.7,7,1,0
0.1814,18.9,2,0,0
0.1208,1.7,2,1,0
0.3804,75.2,9,1,0
0.1155,117.9,4,0,0
0.3442,16.9,5,1,0
0.424,28.5,1,0,1
0.2228,18.0,0,0,0
0.4966,11.7,4,0,1
0.3672,2.4,3,0,1
0.1766,18.3,1,1,0
0.2581,51.2,6,0,0
0.1895,0.5,1,0,0
0.4155,26.2,0,0,0
0.3737,63.8,1,0,0
0.3157,7.4,1,1,1
0.084,6.1,6,1,0
0.1704,44.4,3,0,0
0.1478,8.8,2,0,0
0.0399,6.4,7,1,1
0.1033,14.2,4,0,0
0.1052,15.0,2,0,0
0.2279,62.2,2,0,0
0.4037,28.9,3,1,0
0.1854,15.6,1,0,0
0.2356,22.9,1,0,1
0.2357,92.4,2,0,1
0.2557,3.6,3,0,0
0.2773,7.0,3,1,1
0.4929,98.5,6,0,1
0.2246,94.6,8,1,0
0.4979,5.9,2,1,0
0.2708,4.7,2,0,0
0.2448,16.4,2,0,0
0.7069,1.5,1,0,1
0.4405,31.9,3,1,0
0.0428,2.4,1,1,0
0.3383,1.8,4,1,0
0.1093,19.9,4,0,0
0.2791,95.0,4,0,0
0.1232,16.7,2,0,0
0.3109,13.2,1,0,1
0.5808,185.8,2,0,0
0.352,22.8,2,0,1
0.2116,14.1,5,0,0
0.1906,14.6,3,1,0
0.5287,6.5,2,1,1
0.3442,21.5,6,1,1
0.5095,17.3,4,0,0
0.3888,9.5,4,0,0
0.2486,5.2,2,1,1
0.3259,11.2,1,0,0
0.6161,21.3,2,0,0
0.2637,1.8,5,1,0
0.1822,5.0,3,0,1
0.1719,88.5,4,0,0
0.3967,23.5,1,0,0
0.2025,2.0,4,0,0
0.2286,35.4,5,1,0
0.4635,1.9,3,0,0
0.1012,40.3,1,1,0
0.2799,41.6,3,0,0
0.4915,31.6,2,0,0
0.316,39.5,5,1,0
0.2817,2.8,3,0,0
0.3774,38.9,2,1,1
0.3232,4.4,3,1,1
0.2454,12.4,1,1,0
0.0508,85.8,1,0,0
0.3893,21.0,4,1,0
0.0909,102.7,5,0,0
0.4066,2.8,1,0,0
0.0491,19.5,3,0,0
0.1341,1.9,3,1,0
0.3114,29.8,2,1,1
0.2348,2.5,2,1,1
0.2066,5.8,4,0,0
0.6817,9.0,4,1,0
0.4126,41.4,1,0,0
0.0531,5.4,2,0,0
0.4906,56.2,3,1,0
0.4548,4.2,0,1,1
0.3608,1.1,1,1,0
0.1881,15.1,7,0,1
0.3961,116.5,3,0,0
0.2842,3.5,2,1,1
0.4366,3.2,7,1,0
0.1419,41.7,4,1,0
0.1751,11.2,1,0,0
0.1094,37.9,3,0,0
0.1509,6.7,2,0,0
0.1998,18.5,3,1,0
0.3237,9.2,11,0,0
0.1523,18.0,4,0,0
0.2715,44.0,1,1,0
0.4851,43.1,2,0,0
0.3597,21.8,3,0,0
0.1967,79.1,2,0,0
0.0155,9.2,2,0,0
0.28,8.2,2,0,0
0.1861,28.5,2,0,0
0.1169,29.1,2,0,0
0.2867,1.4,7,1,1
0.4525,28.1,3,0,1
0.1718,14.1,0,1,0
0.4198,41.3,5,0,0
0.2335,49.5,2,0,0
0.3431,24.1,4,0,0
0.4799,0.1,2,0,1
0.0159,30.3,3,0,0
0.3524,41.5,3,0,0
0.6577,8.6,8,1,0
0.5379,18.7,5,1,0
0.1228,101.2,7,0,0
0.3163,10.6,3,1,0
0.7183,7.6,2,1,1
0.2096,7.1,4,1,1
0.4798,24.5,4,1,1
0.301,89.7,3,0,0
0.22,28.1,3,0,0
0.4777,10.8,0,1,1
0.4771,30.5,3,1,1
0.1302,29.4,1,0,0
0.5304,27.3,1,0,1
0.0054,5.2,3,1,0
0.2142,30.2,2,0,0
0.2908,16.9,3,1,0
0.2106,0.6,3,1,0
0.2798,23.3,1,0,1
0.1835,136.0,3,0,0
0.2632,12.9,3,1,1
0.4201,101.1,4,0,0
0.2775,3.0,1,1,1
0.6236,39.6,1,0,0
0.2747,3.6,2,0,0
0.2312,9.6,2,0,1
0.7501,25.4,2,1,1
0.4877,27.0,3,1,0
0.3858,44.8,0,0,0
0.0675,28.7,6,0,0
0.5795,27.0,2,0,1
0.4221,73.0,5,1,1
0.1076,18.1,0,1,0
0.3737,7.7,2,1,0
0.1374,5.3,5,1,1
0.5328,15.3,4,1,1
0.5502,37.4,2,0,1
0.4528,1.3,2,1,0
0.1858,4.1,3,1,0
0.4391,3.4,1,0,0
0.0876,26.4,3,1,0
0.3026,8.3,6,1,0
0.2269,5.5,2,1,0
0.2208,27.0,3,0,0
0.0932,43.0,1,0,0
0.2919,12.1,0,1,0
0.1294,25.9,2,0,0
0.1931,3.1,3,0,0
0.3842,82.1,6,0,0
0.29,12.3,1,1,1
0.1969,179.8,2,0,0
0.1317,115.3,4,0,0
0.3458,45.3,3,0,0
0.3599,0.6,6,1,0
0.1697,23.5,2,1,0
0.2072,2.7,4,0,0
0.2979,67.7,6,1,1
0.129,46.8,2,0,0
0.3257,107.6,3,0,0
0.1118,28.1,1,0,0
0.1444,22.2,6,1,0
0.0073,22.0,4,1,0
0.1386,14.7,2,1,0
0.0468,19.0,4,1,0
0.2008,30.3,4,0,0
0.1715,81.1,2,0,0
0.0518,27.2,5,1,1
0.2704,58.4,2,0,0
0.5279,59.6,2,1,0
0.6679,21.9,3,0,0
0.0614,12.8,4,1,0
0.3091,30.6,2,0,0
0.3527,17.7,3,0,0
0.4036,2.5,5,1,0
0.2144,14.2,4,0,1
0.3408,153.8,2,0,0
0.4124,1.5,4,1,1
0.5724,35.8,2,1,1
0.293,55.2,3,0,0
0.0393,31.4,2,0,0
0.2233,25.3,2,0,0
0.3399,36.9,4,0,0
0.1837,16.8,0,0,0
0.3886,2.9,1,0,1
0.0846,98.4,6,0,0
0.6434,17.0,3,1,1
0.1797,32.8,4,0,0
0.099,22.7,6,0,0
0.132,1.7,4,0,0
0.4865,91.6,3,1,1
0.1421,47.2,2,0,0
0.3203,4.8,6,0,0
0.5835,119.9,8,0,0
0.1278,40.1,5,0,1
0.5112,19.2,2,1,0
0.4088,28.4,1,0,0
0.0406,3.4,6,1,0
0.4384,24.7,3,0,0
0.4435,2.3,1,0,0
0.0359,23.6,2,1,0
0.26,24.1,1,1,0
0.2885,62.2,5,0,0
0.2091,38.7,3,0,1
0.1851,8.6,2,1,0
0.0719,65.8,4,0,0
0.3477,25.5,5,1,0
0.0091,28.0,3,0,0
0.2708,5.6,2,0,0
0.2062,58.5,6,0,1
0.2354,80.2,0,0,0
0.3703,44.7,2,0,1
0.2074,84.8,6,1,0
0.332,10.8,3,0,0
0.2436,59.2,4,0,1
0.1829,20.1,1,0,0
0.2654,5.4,4,1,0
0.3713,33.2,2,1,0
0.3393,34.6,1,0,0
0.0161,10.1,2,1,0
0.37,0.8,3,1,0
0.3093,6.7,3,0,0
0.0344,15.3,3,0,0
0.4081,5.5,4,1,1
0.2869,6.5,3,1,0
0.6274,14.9,4,1,1
0.13,97.9,3,0,0
0.3683,43.3,1,1,1
0.2068,11.6,1,0,0
0.5018,90.9,1,0,1
0.257,31.1,4,1,1
0.6041,18.2,3,0,0
0.0785,19.0,7,1,0
0.2956,15.9,7,0,0
0.3685,8.0,4,1,0
0.3931,14.7,4,1,0
0.5292,22.5,3,1,0
0.31,22.5,10,1,0
0.0568,43.0,3,0,0
0.1555,13.3,4,1,0
0.095,37.8,2,0,0
0.6595,25.9,5,1,0
0.2349,98.0,2,0,0
0.2025,14.6,3,0,1
0.3412,69.4,2,0,0
0.3713,51.6,3,0,0
0.2579,30.5,4,1,1
0.3284,31.9,2,1,0
0.4197,2.7,5,1,0
0.1308,90.0,3,0,0
0.3275,3.4,3,1,1
0.3091,24.9,4,1,0
0.4433,12.0,4,1,1
0.452,16.9,4,0,1
0.1766,28.3,0,0,0
0.0663,71.9,2,0,0
0.2661,18.4,6,1,1
0.3501,132.0,2,0,0
0.5161,27.0,4,0,1
0.1097,5.3,3,1,0
0.0626,6.3,4,0,0
0.1326,37.8,3,0,0
0.0583,1.6,2,0,1
0.3254,19.6,2,0,0
0.2886,4.8,1,0,0
0.3532,17.0,3,1,0
0.134,41.6,1,0,0
0.4068,18.4,6,1,1
0.1563,5.4,1,1,0
0.297,8.7,0,1,1
0.6434,13.7,4,1,0
0.1421,2.2,1,0,0
0.167,26.3,4,1,0
0.1297,28.1,1,0,0
0.1783,1.9,3,1,0
0.1708,15.4,3,1,0
0.1853,16.0,2,0,0
0.2189,12.2,4,0,0
0.3383,24.5,5,1,0
0.4604,12.7,1,1,0
0.3011,16.2,3,1,0
0.241,47.9,6,0,1
0.0419,5.3,1,1,1
0.6492,29.0,3,0,0
0.2811,21.1,1,0,0
0.2913,10.9,3,0,0
0.5463,39.0,4,1,0
0.1897,24.0,4,1,1
0.2486,19.5,3,1,0
0.4392,33.0,3,0,0
0.4636,48.6,3,0,0
0.2673,108.0,1,0,0
0.2819,29.8,2,1,1
0.5693,62.2,4,0,0
0.2237,0.0,2,0,1
0.2306,22.7,5,1,0
0.3532,7.2,0,0,0
0.2321,3.0,3,1,0
0.2384,22.8,2,0,0
0.3653,41.2,5,1,1
0.4133,15.9,6,1,1
0.1413,33.3,3,1,0
0.2789,20.2,1,1,0
0.477,17.2,4,1,0
0.3618,10.3,1,1,0
0.2962,14.5,4,1,0
0.3462,12.9,1,0,0
0.1085,31.2,4,0,0
0.2269,3.7,1,0,0
0.1505,2.9,5,1,0
0.2945,32.4,2,1,0
0.5362,23.7,5,0,0
0.1375,16.9,2,1,0
0.2643,5.0,3,1,0
0.1667,15.9,2,0,1
0.1288,46.8,1,1,1
0.3269,66.1,7,0,0
0.1158,36.4,4,0,0
0.3384,1.9,3,1,0
0.3598,33.3,6,1,1
0.1738,8.3,1,1,1
0.2783,11.4,3,0,0
0.6742,6.5,5,1,1
0.0364,44.9,3,0,0
0.2245,31.4,3,1,0
0.5983,28.4,1,1,0
0.3466,33.1,4,0,0
0.4032,8.1,4,1,1
0.528,17.6,5,1,1
0.4599,30.1,2,1,1
0.3355,30.4,2,1,0
0.3901,47.1,2,0,1
0.1465,10.2,3,0,0
0.2336,44.1,3,1,0
0.5356,17.4,2,1,1
0.5459,33.3,2,0,0
0.2932,18.2,2,0,0
0.2606,89.0,5,0,0
0.1462,5.9,2,0,0
0.3836,33.7,3,0,0
0.0372,25.8,4,1,1
0.1527,5.7,2,1,0
0.3291,2.0,1,0,0
0.3034,48.2,5,0,0
0.2662,5.1,4,1,1
0.2394,6.2,4,1,1
0.0673,115.1,3,0,0
0.5421,37.9,3,0,0
0.1669,8.6,6,1,1
0.3125,26.8,1,1,0
0.5755,22.9,5,0,0
0.4251,55.8,5,0,0
0.6035,39.2,5,1,0
0.1644,53.5,6,0,1
0.2087,7.1,2,0,0
0.4807,30.7,3,0,0
0.2508,1.2,6,0,1
0.137,2.1,1,0,0
0.6245,37.5,2,1,1
0.1918,0.7,4,0,1
0.2992,26.0,1,0,0
0.2685,55.1,2,0,0
0.3145,14.3,3,0,1
0.1664,1.4,0,0,0
0.0352,37.5,3,0,0
0.3459,79.6,2,0,0
0.3485,37.9,0,0,0
0.0821,25.9,2,0,0
0.2157,7.8,3,0,0
0.0827,0.5,0,1,0
0.4167,35.6,2,1,0
0.088,7.9,3,1,0
0.3531,58.6,1,0,0
0.3824,18.8,6,1,0
0.2538,22.7,3,1,0
0.6067,42.1,1,0,0
0.0193,45.3,2,0,0
0.4187,30.9,4,1,0
0.3404,83.6,1,0,0
0.4849,121.0,5,0,0
0.6147,88.1,5,0,1
0.2824,52.1,1,1,1
0.2387,36.7,2,1,1
0.5367,32.7,2,0,0
0.1688,3.3,4,1,1
0.4219,9.5,2,0,1
0.3265,0.2,2,0,1
0.5665,4.4,3,1,1
0.0715,17.4,6,1,1
0.0615,4.8,2,1,0
0.2077,69.6,3,0,0
0.2782,49.2,3,0,0
0.3876,2.2,3,1,0
0.1373,8.6,3,1,0
0.0426,51.3,4,1,1
0.7027,48.7,1,0,0
0.2032,87.3,2,0,0
0.4637,180.3,0,0,0
0.1202,112.2,2,0,0
0.2283,15.8,6,0,0
0.0895,8.6,4,0,0
0.6489,42.6,3,1,0
0.1863,10.7,4,0,1
0.0698,49.3,2,0,0
0.5452,22.9,0,1,0
0.2077,47.4,3,0,0
0.5847,9.7,0,1,0
0.3427,21.3,2,0,0
0.2875,24.9,3,0,0
0.4203,86.0,3,0,0
0.1574,9.3,3,0,0
0.1948,82.8,6,0,0
0.3007,49.0,2,0,0
0.4173,39.4,5,0,1
0.2791,46.4,6,0,0
0.0444,27.9,4,0,0
0.3087,8.4,3,0,0
0.2199,6.3,3,1,0
0.278,60.4,2,0,0
0.248,38.7,4,1,0
0.2439,7.2,6,1,1
0.2867,28.6,3,0,0
0.4568,17.8,3,0,1
0.1158,5.2,2,0,0
0.2133,22.8,6,0,0
0.109,9.9,2,0,0
0.207,3.0,3,1,0
0.2786,18.9,3,0,0
0.1169,26.8,1,1,1
0.3155,1.4,1,1,1
0.3162,15.4,2,1,0
0.1342,8.9,1,1,0
0.223,0.9,5,0,0
0.0439,4.0,0,0,0
0.1366,4.5,3,1,0
0.1935,6.1,5,1,0
0.1754,48.8,2,0,0
0.0591,17.4,3,0,0
0.1025,4.8,4,1,1
0.2222,3.2,3,0,0
0.5,10.6,2,0,0
0.4009,48.0,4,0,0
0.2714,13.6,1,0,0
0.3617,5.2,1,1,0
0.5253,15.5,4,1,1
0.0937,24.3,2,1,1
0.5417,0.9,4,0,1
0.376,29.6,2,0,0
0.4574,15.1,1,1,1
0.1011,0.3,3,1,1
0.1983,33.6,2,0,0
0.4418,37.4,2,0,1
0.2546,29.7,4,1,0
0.2312,12.6,6,1,0
0.5268,22.6,4,0,0
0.2333,14.7,3,1,1
0.3112,36.2,3,0,0
0.5247,26.3,3,0,1
0.5597,2.6,1,1,1
0.13,30.9,0,0,0
0.2267,34.9,2,0,0
0.3942,13.9,1,0,1
0.5966,62.6,3,0,0
0.1326,55.5,1,0,0
0.4026,5.8,6,1,0
0.2386,70.4,2,0,1
0.5208,17.4,3,1,0
0.145,38.6,3,0,0
0.5301,50.5,0,0,0
0.3911,21.1,3,1,0
0.213,15.3,3,1,1
0.0689,74.1,2,0,0
0.3495,7.9,3,0,0
0.2539,8.9,1,1,0
0.05,13.5,3,0,0
0.539,58.9,3,0,1
0.218,83.8,7,0,0
0.5118,7.5,0,0,0
0.3638,59.8,6,0,0
0.5445,9.0,4,0,0
0.0214,105.8,4,0,0
0.3039,27.3,3,0,0
0.652,0.2,7,1,1
0.1411,1.0,3,0,0
0.2988,4.8,2,0,0
0.0944,6.2,6,1,1
0.6359,43.8,2,1,0
0.2182,7.6,2,0,0
0.3155,104.4,5,0,0
0.2607,30.3,2,0,1
0.4224,35.4,1,0,0
0.1708,7.4,5,1,0
0.2566,67.0,0,1,0
0.2652,33.1,3,1,0
0.0607,59.9,1,0,0
0.0398,94.0,3,0,0
0.3354,4.0,3,1,1
0.0461,3.0,3,1,0
0.2288,48.8,2,0,0
0.1277,60.3,5,0,0
0.288,26.3,6,0,0
0.4148,13.7,5,1,0
0.4125,31.7,2,1,0
0.3238,10.9,2,1,0
0.3135,8.2,7,1,0
0.44,20.1,3,0,1
0.3213,7.3,4,1,0
0.1806,19.8,2,1,0
0.0457,94.1,2,0,0
0.4857,54.9,2,0,0
0.6518,85.2,7,1,1
0.1931,49.2,0,0,0
0.2061,13.1,8,1,0
0.0412,50.1,5,0,0
0.2057,76.9,4,0,0
0.2511,88.1,6,1,1
0.1371,34.5,2,0,0
0.1303,7.1,5,0,0
0.2723,1.2,3,1,0
0.2461,4.8,2,0,0
0.1412,101.0,6,0,0
0.4861,18.6,5,1,1
0.0148,57.9,5,1,0
0.454,18.8,3,0,1
0.1423,32.4,3,0,0
0.2415,0.7,3,1,1
0.3341,8.6,4,0,1
0.2811,17.2,3,1,0
0.2061,29.9,2,0,0
0.1851,5.6,2,0,0
0.2459,43.4,1,0,1
0.4383,13.6,1,1,1
0.3491,51.0,3,0,1
0.118,3.1,5,0,0
0.5548,34.2,2,0,0
0.0768,10.4,3,1,0
0.484,47.6,5,1,0
0.3677,15.4,2,0,0
0.0813,32.8,2,0,1
0.4555,81.7,3,0,1
0.374,0.6,3,1,1
0.3404,0.3,1,1,1
0.1468,44.1,5,1,1
0.2673,31.2,5,1,0
0.1605,10.4,1,1,0
0.3051,20.5,4,0,0
0.1039,1.3,5,0,1
0.5856,6.4,3,0,0
0.2828,16.6,1,1,0
0.2135,53.9,5,0,1
0.356,19.6,5,0,0
0.5735,26.5,4,0,1
0.164,62.1,3,0,0
0.4138,11.1,3,1,1
0.2933,36.2,3,1,0
0.2421,59.3,2,0,0
0.0271,6.8,2,1,0
0.3307,13.2,4,1,1
0.4027,117.1,1,0,0
0.4903,122.6,2,0,0
0.4097,7.6,3,0,1
0.2317,2.1,0,0,1
0.1382,9.5,2,1,0
0.0314,15.2,2,0,0
0.4213,17.4,2,1,1
0.3324,28.9,4,1,0
0.2614,68.9,3,0,1
0.136,12.0,1,0,0
0.0586,56.9,5,1,0
0.6014,2.9,4,0,1
0.5426,1.3,5,1,0
0.6298,21.0,3,0,1
0.5844,1.8,3,0,0
0.2624,15.0,2,0,0
0.1372,68.1,2,0,1
0.2121,8.3,3,0,0
0.1438,36.7,1,0,0
0.165,10.8,2,1,0
0.3507,1.4,7,1,1
0.1237,24.4,2,0,1
0.3001,54.0,3,1,1
0.0882,15.8,3,1,0
0.2814,28.8,4,0,0
0.2628,69.1,3,0,1
0.5717,46.8,3,1,1
0.0979,6.5,5,0,0
0.1809,39.7,1,1,0
0.1919,20.9,2,0,0
0.4379,41.1,2,0,1
0.2766,20.5,4,1,1
0.3601,4.1,1,1,0
0.2982,25.3,2,0,0
0.1103,20.3,1,1,0
0.1519,21.9,3,0,0
0.3903,63.3,2,1,0
0.3311,67.6,1,0,0
0.2009,18.1,4,1,1
0.049,18.2,4,1,1
0.1233,21.7,1,0,0
0.3349,22.0,0,0,0
0.1397,90.1,1,0,0
0.5791,31.4,2,0,0
0.7419,9.7,2,1,1
0.2298,22.7,3,0,0
0.4154,29.6,3,1,0
0.3325,30.6,4,1,0
0.4265,26.4,3,0,0
0.6609,5.9,2,1,1
0.2931,1.0,2,0,0
0.0133,12.4,3,0,0
0.3371,16.7,3,1,0
0.517,1.9,7,1,1
0.0572,50.6,2,0,0
0.6069,12.7,2,1,1
0.6436,73.5,4,1,1
0.4402,5.0,2,1,0
0.0791,1.8,5,0,1
0.2641,19.8,3,1,0
0.1451,6.3,4,0,0
0.3446,83.1,2,0,0
0.1206,0.3,4,1,0
0.5178,16.0,2,1,1
0.2291,78.4,3,0,1
0.2115,14.6,3,1,1
0.1963,2.9,3,1,0
0.1824,10.8,7,0,1
0.2523,20.7,2,1,1
0.0407,6.1,6,0,0
0.3578,18.9,0,0,0
0.1555,54.3,3,0,0
0.4236,61.8,4,1,1
0.4469,1.5,2,1,1
0.4449,5.3,2,1,1
0.3495,9.7,3,1,0
0.316,27.1,4,0,0
0.4976,13.4,4,1,1
0.353,55.7,0,0,0
0.3485,37.8,0,0,0
0.3984,3.2,4,0,1
0.5925,29.4,5,1,1
0.6536,3.6,4,0,1
0.068,8.8,4,0,0
0.4472,5.9,6,1,0
0.1159,5.7,2,0,0
0.2814,28.7,3,1,0
0.1196,24.9,2,0,0
0.1989,5.8,1,0,0
0.0704,138.7,7,0,0
0.4552,16.4,3,0,0
0.3796,3.1,2,1,0
0.6618,3.9,5,0,1
0.4406,26.3,4,1,0
0.0695,116.0,5,0,0
0.5096,25.5,2,1,0
0.1493,89.3,3,0,0
0.3147,17.6,0,0,0
0.1039,17.2,7,1,0
0.5929,20.8,7,1,0
0.1493,35.9,2,0,0
0.173,13.7,2,0,0
0.5398,59.8,3,1,1
0.2064,0.9,4,1,0
0.5549,17.4,2,1,0
0.2647,21.5,5,0,0
0.2075,28.0,1,0,0
0.0537,9.7,0,0,0
0.4452,16.7,4,0,0
0.6185,19.9,1,1,1
0.308,34.8,1,0,0
0.6202,44.6,2,1,0
0.1591,40.2,1,1,1
0.3646,12.5,1,1,0
0.1977,225.2,1,0,0
0.5661,56.6,3,0,1
0.2127,9.0,4,1,0
0.3177,6.5,3,0,0
0.4541,11.3,2,0,1
0.5453,18.1,3,0,0
0.6097,57.1,2,0,0
0.0541,45.2,3,0,0
0.4588,57.2,2,0,0
0.2797,9.5,4,0,0
0.3073,27.0,2,0,0
0.3262,10.0,4,0,0
0.1072,3.5,1,1,0
0.3771,34.6,2,0,0
0.1641,4.6,4,1,0
0.0933,33.1,4,0,0
0.4292,31.3,2,1,1
0.4391,49.9,7,1,0
0.4907,4.5,2,1,1
0.2338,45.9,1,0,0
0.5874,216.9,0,0,0
0.2735,57.1,3,0,0
0.5338,41.8,2,1,1
0.4978,32.6,2,1,0
0.1964,16.4,4,0,0
0.207,39.3,1,0,0
0.3093,38.6,2,0,1
0.6465,29.9,2,0,1
0.2202,47.7,3,0,1
0.3283,17.9,1,1,0
0.3325,3.9,3,0,1
0.2143,24.6,2,0,0
0.573,9.2,6,1,0
0.2052,14.6,4,0,0
0.3414,0.5,4,1,1
0.3697,14.5,2,1,0
0.4457,49.6,1,1,0
0.3298,23.5,9,0,1
0.1697,0.3,6,1,0
0.5634,19.0,3,0,1
0.0102,10.3,4,0,0
0.2498,19.5,3,0,1
0.282,15.6,4,1,0
0.4026,80.6,5,1,0
0.1954,1.3,2,0,0
0.3993,34.5,2,1,0
0.321,57.1,4,0,1
0.3995,96.0,1,0,0
0.4488,5.9,7,1,1
0.3786,22.7,2,0,0
0.4651,1.3,5,0,0
0.3455,20.7,5,1,0
0.1646,4.0,5,1,1
0.1366,54.6,1,1,0
0.3672,3.6,5,0,0
0.1467,21.6,5,1,0
0.0396,22.1,2,0,0
0.5968,106.9,4,0,0
0.643,31.9,5,1,1
0.1453,10.2,6,1,1
0.2152,8.3,3,0,0
0.1681,4.1,3,0,0
0.3587,42.4,4,0,1
0.1612,35.2,1,0,0
0.1981,28.2,2,0,0
0.4231,1.3,10,1,0
0.1017,43.2,5,0,0
0.304,30.8,3,0,1
0.0932,99.6,3,0,0
0.1377,26.5,2,1,0
0.0809,10.9,3,0,0
0.2637,14.4,2,0,0
0.3,5.8,5,0,1
0.028,38.5,2,1,0
0.2504,36.9,5,0,0
0.079,6.7,3,0,0
0.6539,5.2,2,1,1
0.451,2.4,4,0,1
0.332,72.9,3,1,0
0.4602,8.0,4,0,1
0.2214,12.7,3,1,0
0.4197,9.9,2,0,0
0.1423,16.0,5,1,1
0.2562,37.6,2,1,0
0.1276,61.3,1,0,0
0.7535,6.0,4,1,1
0.0383,34.8,2,0,0
0.0839,13.0,5,0,1
0.1473,118.2,3,0,0
0.5223,10.7,4,1,1
0.2407,0.2,2,0,0
0.1631,21.7,1,0,0
0.3937,4.9,3,1,0
0.7314,1.4,3,1,1
0.198,35.9,5,0,0
0.4243,39.5,5,1,0
0.4531,18.5,1,1,1
0.1614,33.9,2,1,1
0.084,23.2,6,1,0
0.1732,29.8,1,0,0
0.3488,27.2,3,0,0
0.2693,32.9,3,0,0
0.2191,6.7,4,0,0
0.1384,9.4,4,0,0
0.1465,17.4,5,1,0
0.3411,17.7,2,1,0
0.2266,44.7,1,0,1
0.2481,13.7,1,0,0
0.0113,5.3,3,1,0
0.1796,8.7,4,1,1
0.5185,7.3,5,1,0
0.4939,39.5,6,0,0
0.4679,19.1,5,0,0
0.4445,37.0,2,0,0
0.2793,16.1,4,1,0
0.4597,66.1,3,1,1
0.1676,123.2,3,0,0
0.4903,33.2,4,0,0
0.1905,59.8,1,0,0
0.4283,21.3,1,0,0
0.3842,81.8,6,0,0
0.247,53.4,1,0,0
0.0276,144.0,2,0,0
0.5703,29.3,2,0,1
0.3629,45.3,2,0,0
0.272,23.5,4,0,1
0.3206,9.0,6,1,0
0.0685,13.1,5,1,0
0.1452,67.3,2,0,0
0.4891,1.7,3,1,1
0.5708,26.9,4,0,0
0.1221,14.0,2,0,1
0.3199,14.7,4,1,0
0.2865,64.8,1,0,0
0.4254,57.7,0,0,0
0.2111,27.4,3,1,0
0.4116,9.6,4,0,1
0.4492,19.4,1,0,1
0.2679,15.7,5,0,1
0.4177,13.1,2,0,0
0.1501,3.3,1,1,1
0.4718,23.5,2,1,0
0.0888,10.8,4,0,1
0.4679,32.4,2,1,0
0.4689,11.5,0,1,0
0.3484,16.9,1,0,0
0.2641,1.6,2,1,1
0.1839,146.9,5,0,0
0.4107,21.3,3,1,1
0.0596,0.7,4,0,0
0.1816,23.4,2,0,0
0.3746,61.3,3,0,0
0.1914,44.4,1,1,1
0.2121,36.2,0,1,0
0.294,4.5,0,0,1
0.2775,32.2,3,1,0
0.0859,43.6,1,0,1
0.2337,25.5,4,1,0
0.3319,67.0,1,0,1
0.431,9.7,4,1,1
0.5405,8.3,2,1,1
0.3625,61.1,1,1,1
0.0305,29.5,1,0,0
0.681,0.0,3,1,1
0.3759,13.1,1,1,0
0.212,58.5,4,1,1
0.2384,0.8,3,1,1
0.3456,0.1,5,1,1
0.1365,9.9,1,1,0
0.1216,73.6,5,0,0
0.2601,69.5,3,1,0
0.6853,21.9,5,1,1
0.4037,24.2,2,1,1
0.1259,12.1,6,0,0
0.0137,8.4,2,1,0
0.117,50.7,3,0,0
0.3328,3.4,2,1,0
0.2076,20.0,5,0,0
0.4595,30.2,2,0,1
0.1415,3.3,3,1,1
0.2541,22.0,4,1,1
0.5068,25.8,5,1,1
0.1377,40.7,1,0,0
0.1797,8.0,4,0,0
0.2464,10.4,3,0,1
0.3166,25.3,7,1,1
0.2635,122.5,3,0,0
0.0623,7.4,4,1,0
0.1343,127.9,3,0,0
0.2198,37.6,6,1,0
0.2066,52.5,3,1,1
0.4881,2.8,1,1,0
0.5759,10.7,2,0,1
0.5099,1.8,3,0,1
0.1231,13.9,1,0,1
0.5341,119.4,4,0,0
0.3,3.3,2,1,1
0.203,24.8,2,0,0
0.261,0.2,4,0,1
0.3491,37.4,2,0,1
0.5448,6.6,2,1,0
0.4105,4.2,3,1,1
0.0266,12.3,1,0,0
0.5846,44.2,0,0,1
0.0482,3.4,7,1,1
0.362,7.8,4,0,1
0.4445,0.3,5,1,0
0.4159,103.7,3,0,0
0.0884,26.9,3,1,0
0.4716,38.2,0,0,0
0.3368,31.6,1,0,1
0.1946,4.7,1,0,0
0.1509,27.1,6,0,0
0.3405,4.2,4,1,1
0.3587,15.4,2,0,1
0.0851,25.2,3,1,1
0.37,24.6,4,0,0
0.448,3.8,4,0,0
0.0767,1.1,1,0,0
0.4168,48.0,3,0,0
0.4642,38.8,3,1,0
0.199,2.6,6,1,1
0.6399,4.1,1,1,0
0.1548,66.9,2,0,0
0.2059,44.0,3,1,0
0.1557,166.9,2,0,0
0.5889,8.8,5,1,0
0.2338,20.1,3,1,0
0.2133,8.1,1,0,0
0.1286,29.2,3,0,1
0.5364,3.7,2,0,0
0.1572,4.1,3,1,0
0.1727,2.2,2,1,0
0.0389,35.5,4,0,0
0.1627,20.4,2,0,1
0.0836,28.8,2,0,0
0.2546,63.4,5,1,0
0.4016,40.5,3,0,0
0.1887,18.6,1,1,0
0.2077,124.7,4,0,0
0.1081,18.3,3,0,0
0.5903,3.6,3,1,0
0.526,147.4,1,0,0
0.4109,0.7,3,1,1
0.3922,23.9,5,1,0
0.1113,11.1,2,0,0
0.3474,21.0,0,1,1
0.3296,24.5,3,0,0
0.3599,8.2,4,1,0
0.0339,24.4,3,0,0
0.1628,42.3,3,0,0
0.1063,9.3,5,0,1
0.1551,14.5,2,1,0
0.1928,9.4,2,0,0
0.2801,51.5,2,0,0
0.3515,38.7,3,0,0
0.5224,61.5,2,0,0
0.1364,5.6,4,1,0
0.4046,2.3,3,1,1
0.2716,3.8,1,1,1
0.0474,5.3,3,0,0
0.2954,22.8,5,0,1
0.5012,106.1,5,0,1
0.4859,13.3,3,0,1
0.2197,95.5,4,0,0
0.2538,1.2,5,1,0
0.3986,78.5,3,0,1
0.3643,6.0,3,1,1
0.3043,73.1,0,0,0
0.1883,1.7,4,1,1
0.4521,88.8,3,0,0
0.1809,6.7,3,0,0
0.444,10.8,1,0,1
0.1115,20.3,1,0,1
0.3756,14.4,3,0,0
0.1067,33.0,3,0,0
0.428,110.4,1,0,0
0.5277,28.0,5,1,0
0.2735,38.3,3,0,0
0.3683,2.8,2,1,1
0.5021,29.7,2,1,1
0.4733,18.1,6,1,1
0.1555,65.1,3,1,0
0.2233,14.7,1,1,0
0.5626,34.1,3,0,0
0.2609,7.8,0,1,1
0.3654,9.0,3,0,1
0.2001,14.2,3,0,0
0.2791,10.9,3,0,0
0.5845,8.8,1,1,1
0.2187,1.5,5,0,0
0.2737,54.4,10,1,0
0.2356,2.0,0,0,0
0.4487,65.5,3,0,0
0.3416,4.0,5,1,1
0.1885,2.0,4,0,0
0.0697,24.8,5,0,0
0.287,20.9,5,0,1
0.4232,20.3,0,0,0
0.2544,25.6,3,1,0
0.3667,10.2,2,1,0
0.271,32.6,4,0,0
0.4015,20.9,1,1,1
0.4634,12.2,1,0,1
0.0533,52.5,0,0,0
0.2217,39.0,4,0,0
0.2266,15.0,4,0,0
0.2584,56.4,2,0,1
0.1391,75.9,1,0,0
0.3297,23.1,1,0,0
0.17,7.3,2,0,0
0.2848,74.2,3,0,0
0.2498,6.3,0,0,0
0.116,1.5,5,1,1
0.2073,11.9,3,0,0
0.3999,38.9,3,0,0
0.1794,77.0,1,0,0
0.3428,30.4,1,0,1
0.2782,91.0,0,0,0
0.0524,2.9,4,1,1
0.0622,1.9,3,1,0
0.1139,27.8,2,0,1
0.1023,101.5,2,0,0
0.7352,21.0,4,0,1
0.3848,1.6,4,1,1
0.2315,7.5,0,0,0
0.2379,8.4,0,1,0
0.204,12.4,6,1,0
0.4192,1.3,6,1,0
0.188,70.6,3,0,1
0.2443,21.7,0,0,0
0.3971,33.3,5,1,1
0.2208,2.1,5,0,0
0.0771,1.7,3,0,0
0.5512,26.5,6,0,1
0.3046,65.5,2,0,0
0.3881,22.6,4,1,1
0.3828,63.1,3,0,0
0.4272,50.0,0,0,0
0.1243,2.4,4,1,0
0.0933,6.8,4,0,1
0.5549,32.2,1,1,1
0.3221,17.6,2,0,1
0.0065,10.3,5,1,0
0.3239,16.3,6,1,1
0.1071,17.7,3,0,0
0.1738,72.4,4,1,1
0.2834,3.3,3,0,0
0.1838,9.8,2,0,0
0.5524,23.1,2,0,0
0.0849,35.9,3,0,0
0.3731,29.9,0,0,0
0.2702,85.2,2,0,0
0.1073,47.6,4,0,0
0.4461,24.4,1,1,1
0.3126,7.3,4,1,0
0.0741,18.0,4,0,1
0.3752,35.5,3,0,0
0.1831,54.6,5,0,0
0.5373,96.4,5,0,0
0.4083,27.9,3,1,0
0.3015,22.5,2,1,0
0.2688,0.5,4,0,0
0.5434,2.2,1,1,1
0.2208,5.1,4,1,1
0.0365,1.7,3,1,0
0.3004,15.4,3,1,1
0.357,12.3,3,0,1
0.1722,30.4,4,0,0
0.208,23.0,4,1,0
0.2709,27.2,4,0,0
0.0419,19.2,0,0,0
0.4819,9.8,2,0,1
0.2696,91.6,4,0,0
0.6208,2.7,5,1,1
0.4688,83.9,8,1,1
0.2542,11.2,4,1,0
0.1388,21.6,2,0,0
0.3428,3.5,3,0,0
0.4582,2.2,4,1,1
0.1064,16.8,1,1,0
0.1009,40.6,2,0,0
0.497,9.4,5,0,0
0.3501,24.8,4,0,0
0.3072,9.8,5,1,0
0.2297,14.8,3,0,0
0.4629,71.1,3,1,0
0.1573,58.1,3,0,0
0.1532,21.8,5,0,0
0.1262,8.2,5,1,0
0.1496,6.4,6,0,0
0.2258,92.4,4,0,0
0.7949,6.8,3,1,0
0.3152,49.5,6,1,0
0.3685,13.8,1,0,0
0.1415,127.3,3,0,0
0.3619,13.8,1,1,0
0.2381,13.0,2,0,0
0.2042,30.4,3,1,1
0.505,97.7,1,0,0
0.4199,112.2,5,0,0
0.1849,36.8,2,0,0
0.3446,42.1,3,0,0
0.5556,24.9,1,0,0
0.6207,42.3,3,1,1
0.3326,58.9,2,0,0
0.4656,20.0,2,1,0
0.3877,29.0,4,1,1
0.2838,23.1,2,1,1
0.1803,24.8,5,0,0
0.3607,66.2,2,0,1
0.2617,13.2,3,0,0
0.3709,7.0,2,1,1
0.1746,18.3,2,1,1
0.3656,7.0,2,1,0
0.1557,20.7,2,1,0
0.1227,70.1,6,0,1
0.5412,28.8,2,1,1
0.3335,58.0,4,0,0
0.1161,5.5,2,0,0
0.2827,69.3,0,0,0
0.3202,27.6,6,1,0
0.3728,1.0,2,1,1
0.4629,30.1,2,1,0
0.3069,90.7,1,0,0
0.1634,2.5,3,1,0
0.1129,26.2,5,1,0
0.292,74.1,3,0,0
0.3911,0.3,1,0,1
0.212,29.9,0,0,1
0.1759,19.3,1,0,0
0.1782,12.8,3,1,1
0.185,29.6,3,1,1
0.2872,1.6,3,1,1
0.2441,42.0,1,0,0
0.1004,0.1,4,1,1
0.5071,11.0,1,1,1
0.4575,21.0,2,1,0
0.2027,14.2,7,0,0
0.2709,11.0,0,0,0
0.1236,53.3,1,0,0
0.2126,81.9,1,0,0
0.0178,62.1,3,0,0
0.2127,22.2,3,0,1
0.3618,64.7,2,0,0
0.2292,76.1,4,0,0
0.2383,15.8,3,0,0
0.4391,10.0,1,1,0
0.3241,3.1,2,1,1
0.1564,19.6,3,1,1
0.3922,87.7,3,1,0
0.2327,24.7,4,0,0
0.6021,33.0,5,0,0
0.2548,3.6,3,0,0
0.1176,4.6,4,1,0
0.1759,18.7,2,1,1
0.2285,90.6,5,0,0
0.4772,13.4,1,0,0
0.2013,63.0,4,0,0
0.1051,3.8,2,0,0
0.1369,28.8,4,0,0
0.0703,27.5,2,1,0
0.3296,59.0,4,1,0
0.221,0.1,2,1,0
0.3872,6.3,2,1,0
0.4148,7.4,5,0,0
0.2506,89.9,1,0,0
0.474,5.0,3,0,1
0.0575,1.1,5,1,0
0.3855,22.9,2,1,0
0.4871,22.6,4,0,0
0.2627,55.7,2,1,0
0.1881,89.2,2,0,0
0.5491,23.2,1,1,1
0.1441,79.8,6,0,0
0.2868,38.7,2,1,1
0.1742,9.2,3,1,1
0.1635,79.1,4,0,0
0.1041,33.0,3,0,0
0.5195,16.0,3,1,0
0.141,34.2,3,1,0
0.1943,15.4,4,1,1
0.3707,3.6,4,0,1
0.2671,38.1,3,0,0
0.1816,52.1,6,0,0
0.1725,39.1,3,1,0
0.2746,7.8,2,0,0
0.181,94.1,2,0,0
0.3913,0.8,2,0,1
0.3793,12.1,5,1,0
0.2965,9.0,5,1,1
0.3526,1.5,1,1,0
0.1937,15.6,1,1,1
0.2683,29.3,1,0,0
0.1822,64.3,5,0,1
0.5262,137.2,3,0,0
0.1248,49.5,4,0,0
0.2508,19.0,1,0,0
0.2858,38.6,3,0,0
0.2621,55.7,4,0,1
0.487,18.8,0,1,0
0.2166,46.1,4,0,0
0.2806,19.8,3,0,0
0.3466,14.7,4,0,1
0.2943,22.4,3,0,0
0.3114,33.8,1,0,0
0.1671,38.9,2,0,0
0.1041,13.2,3,0,0
0.1971,25.4,1,0,0
0.3868,72.2,2,0,0
0.2895,112.3,4,0,0
0.2556,7.7,5,0,1
0.2244,6.4,3,0,1
0.601,33.9,1,1,0
0.5706,16.1,5,1,0
0.2567,0.7,4,0,0
0.0833,12.8,5,0,1
0.7559,49.3,3,1,0
0.8197,47.9,4,1,1
0.4854,20.5,3,1,0
0.2347,19.2,2,0,0
0.5687,26.0,1,1,0
0.4436,7.4,2,0,1
0.2742,22.4,2,1,1
0.3147,0.3,2,1,1
0.1164,19.4,5,0,0
0.4649,12.3,4,1,0
0.4309,33.7,3,1,0
0.2472,30.5,3,0,0
0.0971,14.4,2,0,1
0.1667,0.2,2,1,1
0.1354,8.7,3,0,0
0.3932,30.1,0,0,0
0.2601,2.3,2,0,1
0.4494,3.4,3,1,0
0.0748,31.2,4,0,0
0.4079,42.3,4,0,0
0.3073,11.6,1,0,1
0.3948,20.2,1,0,0
0.1512,87.4,3,0,0
0.2511,87.3,2,1,0
0.215,11.0,3,0,0
0.4648,49.8,7,1,0
0.0797,27.0,3,1,0
0.1086,111.3,0,0,0
0.1197,19.5,2,0,0
0.1095,44.7,6,0,0
0.1202,43.8,4,1,0
0.2489,20.6,1,1,0
0.3287,47.6,1,0,0
0.0922,9.1,1,1,0
0.242,3.9,2,0,1
0.3031,16.6,5,0,0
0.403,86.3,2,0,0
0.0506,20.8,2,0,0
0.3449,30.3,4,0,0
0.3035,29.4,3,0,0
0.2389,4.3,1,0,0
0.1709,14.8,2,0,0
0.1081,36.8,5,1,0
0.0721,107.3,5,0,0
0.3881,5.5,5,0,0
0.0873,15.9,2,0,0
0.117,3.0,2,1,1
0.3225,8.3,5,1,0
0.0269,14.2,4,1,0
0.2689,23.3,5,1,0
0.1952,7.9,3,0,0
0.3046,7.7,2,1,1
0.1497,45.1,1,0,0
0.2279,98.6,2,0,1
0.3285,11.7,5,1,1
0.5144,34.9,2,0,1
0.1812,9.0,1,0,0
0.1727,78.9,4,1,0
0.1092,33.5,6,0,1
0.2312,48.7,6,1,0
0.4311,1.5,4,0,1
0.3632,27.4,4,1,0
0.3438,22.5,3,0,0
0.4087,10.4,2,1,1
0.1791,9.1,1,1,1
0.018,26.0,2,0,0
0.1645,36.8,2,0,0
0.3903,1.0,2,1,0
0.1304,25.1,5,0,0
0.4074,5.6,2,1,1
0.2507,4.5,4,1,0
0.2879,29.3,5,1,1
0.4016,11.2,1,1,1
0.2015,17.4,2,0,0
0.5711,13.4,5,1,1
0.2527,31.4,1,0,0
0.5588,19.1,6,0,1
0.2962,99.3,1,0,0
0.1738,13.0,2,0,0
0.374,40.4,8,0,1
0.3024,8.9,6,0,0
0.0948,21.3,1,0,0
0.4956,24.1,1,0,1
0.3429,12.0,5,0,0
0.5254,19.1,4,1,0
0.2964,9.8,4,0,0
0.1505,0.2,1,1,1
0.3051,7.3,1,0,0
0.3034,36.1,4,1,1
0.1767,44.2,4,0,0
0.1958,9.9,0,1,0
0.2424,15.7,2,0,0
0.5243,1.1,0,1,1
0.051,8.1,3,1,0
0.2163,45.3,2,0,0
0.526,27.9,2,1,0
0.0935,6.9,2,0,0
0.7948,8.9,5,1,0
0.4017,50.9,6,1,0
0.1214,7.0,2,1,1
0.2983,12.2,5,1,0
0.165,32.8,5,1,0
0.1529,24.7,6,1,0
0.3112,18.5,3,0,0
0.0399,69.0,1,0,0
0.0537,7.4,3,0,0
0.3182,40.6,0,0,0
0.1808,5.2,4,0,1
0.3641,28.7,3,1,1
0.2609,61.4,5,1,1
0.156,18.4,1,1,0
0.3785,38.7,1,0,0
0.3023,51.5,3,1,1
0.7672,4.4,2,1,0
0.1855,36.7,2,0,0
0.0963,75.7,1,0,0
0.476,25.8,4,0,1
0.2289,6.2,2,1,0
0.1115,4.1,5,1,1
0.312,9.0,5,1,1
0.2916,3.3,2,1,0
0.2537,21.6,3,1,0
0.3624,2.2,4,0,0
0.1847,7.6,4,1,1
0.4644,17.4,3,0,0
0.3356,19.3,4,1,0
0.1044,25.0,4,0,0
0.3707,36.7,9,1,0
0.2059,1.5,5,1,1
0.774,2.5,2,1,1
0.1765,1.9,2,1,1
0.1086,16.5,1,0,0
0.1613,1.3,3,1,0
0.2239,41.1,2,0,1
0.2274,7.6,5,0,0
0.3604,84.0,5,1,0
0.068,20.0,1,0,0
0.1309,17.7,4,1,0
0.2692,45.5,2,0,0
0.0906,37.5,4,0,0
0.3858,28.0,2,1,1
0.1346,82.1,6,0,0
0.1818,16.5,2,1,0
0.0867,49.6,4,1,0
0.0798,14.3,5,1,1
0.4667,54.7,5,1,0
0.2346,9.0,1,0,0
0.1509,10.2,2,0,0
0.4012,34.0,0,1,0
0.7362,7.2,8,1,1
0.2184,7.8,6,1,0
0.4699,10.9,1,1,0
0.4349,34.1,4,1,0
0.2995,66.1,1,0,0
0.2397,33.7,2,1,1
0.6646,52.8,5,1,1
0.1,23.5,3,1,1
0.5261,2.1,1,0,1
0.2165,3.2,4,0,0
0.1839,24.2,3,1,0
0.0836,11.9,2,1,0
0.2128,7.5,3,1,0
0.0917,18.8,3,0,0
0.4699,32.9,1,1,0
0.2593,14.6,1,0,0
0.3792,48.7,4,0,0
0.2193,40.2,5,0,0
0.3587,39.8,6,0,0
0.1463,126.4,1,0,0
0.1871,10.5,3,0,0
0.1272,31.0,3,0,0
0.3873,58.0,1,0,0
0.1682,26.0,4,0,0
0.3822,46.7,1,1,0
0.0209,16.1,3,0,1
0.5558,26.8,3,0,1
0.2239,1.7,7,1,1
0.3725,127.6,5,0,0
0.021,48.3,2,0,0
0.0506,60.9,7,0,1
0.7945,35.6,5,1,0
0.1782,6.2,5,0,0
0.531,0.9,1,1,1
0.1373,60.0,5,0,1
0.2753,15.1,3,0,1
0.2547,9.2,4,1,0
0.1427,24.7,2,0,0
0.2394,16.4,1,1,0
0.099,31.6,6,0,0
0.5961,19.8,2,1,1
0.2738,35.8,3,1,0
0.2394,57.6,3,0,1
0.0959,6.5,1,0,0
0.3121,12.0,1,0,0
0.0913,17.2,3,0,0
0.0982,98.2,2,0,0
0.1407,13.6,3,1,0
0.0365,14.4,2,1,0
0.0904,31.8,5,0,1
0.2751,16.3,3,1,0
0.2933,90.6,2,0,0
0.0979,67.5,2,0,0
0.354,21.6,6,1,0
0.3927,31.1,5,1,1
0.4211,1.8,4,1,0
0.4672,35.7,5,0,0
0.2092,36.8,4,1,0
0.1671,13.4,5,0,0
0.2414,7.4,3,1,1
0.2971,74.0,2,0,1
0.4132,16.7,1,1,0
0.0585,31.8,3,0,0
0.317,1.0,4,1,1
0.2163,16.0,3,0,1
0.2409,51.0,4,0,0
0.2313,14.7,3,0,0
0.1457,27.7,2,1,0
0.2882,7.1,3,1,0
0.3162,16.2,3,0,1
0.3058,78.8,2,1,0
0.1791,25.1,4,0,0
0.2061,69.7,3,0,0
0.0424,69.7,1,0,1
0.1374,86.6,0,0,0
0.0733,67.7,3,0,1
0.4095,0.1,4,1,0
0.1637,81.5,4,0,1
0.2867,4.4,1,0,1
0.2505,1.2,4,1,0
0.2263,1.7,1,1,1
0.0979,12.9,7,1,0
0.1933,29.1,0,0,0
0.4774,15.4,3,1,0
0.4022,0.8,6,0,0
0.5266,19.4,4,1,0
0.5619,17.5,7,1,1
0.2388,42.4,4,0,0
0.3888,9.8,3,0,0
0.1968,7.4,0,1,0
0.2683,8.9,3,1,1
0.2818,10.9,1,1,0
0.3897,27.4,5,1,1
0.4642,19.1,2,0,1
0.2462,12.3,3,1,0
0.2839,14.1,5,1,1
0.2323,13.9,4,1,1
0.279,107.7,2,0,0
0.2627,8.0,2,1,1
0.3549,51.1,2,0,1
0.1358,37.0,2,0,0
0.1626,0.2,2,0,0
0.4362,149.6,3,0,0
0.3289,42.4,2,0,0
0.1936,34.4,2,1,1
0.584,15.6,4,1,0
0.0353,24.3,2,0,1
0.2568,8.8,2,1,1
0.2428,1.1,0,1,1
0.4506,54.2,2,0,0
0.2012,68.0,7,0,0
0.242,5.3,2,1,0
0.2777,46.4,1,0,0
0.1146,40.5,3,0,0
0.2958,5.9,2,0,0
0.2714,16.4,6,1,0
0.4817,16.5,1,0,0
0.685,42.8,2,1,1
0.477,54.5,3,1,0
0.2262,3.0,3,1,0
0.1082,24.8,2,1,0
0.1627,43.0,3,0,0
0.1764,46.3,4,1,0
0.1049,4.8,3,1,1
0.453,22.4,1,1,0
0.3952,58.5,4,0,0
0.2503,11.5,4,0,1
0.2364,16.6,4,1,0
0.361,48.9,2,0,0
0.3003,2.8,6,1,1
0.214,58.9,3,0,0
0.2189,11.2,0,0,0
0.4426,0.0,4,1,1
0.1535,8.0,2,0,0
0.4434,2.8,1,0,0
0.3253,2.9,0,0,0
0.5657,35.4,2,0,0
0.2202,7.2,3,1,0
0.1045,81.9,1,0,0
0.315,21.8,1,0,0
0.1356,18.5,4,1,1
0.1306,17.1,2,1,0
0.5448,35.4,0,0,0
0.4583,18.1,3,0,0
0.2514,4.1,4,1,1
0.2897,63.7,1,0,0
0.2792,16.8,2,1,0
0.3628,2.3,4,1,1
0.2156,22.6,0,0,1
0.014,31.3,5,1,1
0.0829,9.7,4,0,0
0.1748,48.3,1,0,0
0.2144,33.2,3,0,1
0.383,31.5,3,0,0
0.4825,16.4,2,1,0
0.1721,98.0,1,1,0
0.2689,9.6,2,1,0
0.3793,25.9,1,1,1
0.1719,11.1,3,1,0
0.4638,41.0,5,1,1
0.0767,1.5,4,0,0
0.2457,1.4,6,1,1
0.2447,50.0,2,0,0
0.3727,17.1,2,0,0
0.1117,12.5,1,0,0
0.4658,28.1,2,0,0
0.4029,36.3,3,0,0
0.2511,6.7,4,0,0
0.2179,6.2,3,0,0
0.362,95.2,5,0,1
0.4091,26.7,2,0,0
0.4301,14.8,3,0,0
0.1705,48.5,0,0,0
0.1486,22.3,3,1,1
0.1477,8.3,2,0,0
0.4457,6.9,2,0,0
0.251,15.2,4,0,0
0.1237,59.0,4,1,0
0.3838,1.9,2,1,1
0.3973,7.4,3,1,0
0.2189,67.1,6,1,1
0.0949,3.9,0,0,1
0.7369,29.8,2,0,1
0.2359,7.2,0,1,1
0.3585,27.9,4,1,0
0.2258,14.5,1,1,1
0.1523,3.2,1,0,0
0.3285,26.2,4,0,0
0.1195,34.5,1,0,0
0.3727,34.2,2,0,0
0.5857,30.4,1,1,0
0.2031,20.8,6,0,1
0.1873,22.0,8,1,0
0.1336,30.3,4,0,0
0.1931,35.2,2,0,0
0.2199,31.9,1,0,1
0.4594,26.5,3,1,1
0.332,5.1,2,1,0
0.4354,7.1,3,1,0
0.1961,9.0,5,0,0
0.314,75.6,2,0,0
0.2987,42.7,2,1,0
0.0384,24.1,7,1,1
0.0439,8.7,5,0,0
0.0496,3.5,5,1,0
0.2396,68.7,3,0,0
0.4062,67.0,2,1,0
0.145,3.5,3,0,0
0.0911,47.9,4,0,0
0.1773,17.8,4,0,0
0.2568,11.7,1,1,0
0.1352,40.3,2,0,1
0.1043,28.6,5,0,0
0.0987,45.4,1,0,0
0.6799,2.3,4,1,1
0.0816,11.5,4,0,0
0.3462,11.5,3,0,0
0.6697,12.0,5,0,1
0.4471,20.9,3,0,0
0.104,10.0,6,0,0
0.5785,17.6,2,0,0
0.0855,13.8,4,1,1
0.1741,39.9,4,1,1
0.22,27.8,4,1,0
0.1116,31.8,3,0,0
0.2909,7.1,0,0,0
0.1476,11.8,0,0,0
0.6671,0.6,3,1,1
0.2081,3.4,1,0,0
0.403,9.2,6,1,0
0.5779,2.0,4,1,1
0.351,27.7,6,1,0
0.6586,188.5,1,0,0
0.4372,3.2,5,0,0
0.3192,51.6,4,0,0
0.2306,3.8,4,1,0
0.0695,33.3,2,1,0
0.2444,30.9,2,0,0
0.1313,69.9,4,0,0
0.4978,3.6,3,1,0
0.1308,11.4,6,0,0
0.283,2.9,2,1,1
0.3933,15.7,5,1,1
0.1182,72.8,2,1,0
0.2922,45.6,1,1,0
0.1836,38.5,2,0,1
0.3611,22.8,5,0,0
0.0873,64.5,3,0,0
0.6576,17.9,9,1,1
0.3138,4.9,1,0,0
0.5908,54.5,3,0,1
0.4487,9.8,4,1,0
0.1622,1.7,1,1,1
0.4097,4.0,3,1,0
0.5357,28.2,2,0,1
0.4707,28.0,1,0,1
0.3076,9.0,3,1,0
0.1498,39.0,4,0,0
0.3756,44.6,2,1,1
0.3586,76.0,1,1,0
0.2037,26.4,2,1,0
0.1112,45.3,5,0,0
0.3247,42.0,2,1,0
0.1341,8.9,2,0,0
0.2039,11.1,0,0,0
0.3891,19.5,1,0,0
0.1278,0.6,1,1,0
0.0836,10.6,0,0,0
0.0595,19.3,4,1,0
0.3489,3.4,1,1,0
0.3605,4.0,6,1,1
0.2126,18.7,1,0,0
0.4501,39.4,2,0,0
0.2318,53.8,3,1,0
0.2385,23.7,4,0,0
0.2142,19.3,0,1,0
0.0574,14.5,5,0,0
0.1723,6.4,6,0,0
0.0603,4.8,1,0,0
0.1847,47.1,2,0,0
0.4014,18.8,1,0,0
0.0458,46.9,4,0,0
0.1753,36.5,4,1,0
0.1734,6.5,4,0,0
0.3743,21.4,4,0,0
0.1416,17.6,7,0,1
0.429,16.5,4,0,0
0.1517,23.5,3,0,0
0.4414,120.7,8,0,0
0.4097,50.3,5,1,0
0.2698,70.2,4,0,0
0.2251,0.9,6,1,1
0.0889,4.5,3,0,0
0.2724,2.7,3,1,1
0.4431,9.2,1,1,0
0.109,17.5,3,1,0
0.4498,30.8,3,0,0
0.4899,20.8,4,1,1
0.141,70.0,1,0,1
0.2681,84.3,4,0,0
0.623,5.4,2,1,0
0.1744,57.5,2,0,0
0.4209,19.7,5,1,0
0.1404,18.1,1,0,0
0.2385,46.1,1,1,1
0.157,2.9,0,0,1
0.2278,64.2,2,0,0
0.3788,33.3,5,1,0
0.2668,62.4,2,0,0
0.2707,156.0,2,0,0
0.1405,21.9,1,0,1
0.5573,2.9,2,0,0
0.5458,5.5,2,1,0
0.3654,11.7,4,0,1
0.6709,3.3,3,1,1
0.3952,50.7,1,0,0
0.0308,10.6,1,1,0
0.0933,111.7,2,0,0
0.1771,36.4,6,1,0
0.3793,5.7,5,0,1
0.0687,19.4,1,0,0
0.2827,18.9,1,0,0
0.4137,20.3,4,1,1
0.1929,23.0,2,0,0
0.2972,1.0,1,0,1
0.3428,34.8,2,1,1
0.3627,20.0,4,1,1
0.2191,47.0,0,0,0
0.4451,50.7,4,0,1
0.1958,7.9,1,0,0
0.2816,1.5,3,0,0
0.2568,36.4,6,1,0
0.2316,114.2,6,1,0
0.307,17.8,3,0,1
0.5086,9.0,4,0,0
0.0603,5.1,4,0,0
0.2379,10.2,4,1,0
0.0969,11.9,2,1,1
0.0603,16.5,7,0,0
0.1583,32.0,2,0,0
0.5457,9.6,4,0,1
0.321,1.6,2,1,1
0.2067,14.0,5,1,1
0.1688,58.1,2,0,0
0.3448,20.7,4,1,1
0.2594,100.4,3,0,0
0.2175,21.0,2,1,0
0.0846,9.7,4,0,0
0.137,6.4,3,1,0
0.5089,35.6,0,0,1
0.3031,23.1,3,0,0
0.1346,27.8,4,1,1
0.3316,42.2,4,0,0
0.4371,38.8,2,0,0
0.1707,1.3,4,0,1
0.233,48.7,6,1,1
0.248,22.8,4,1,1
0.1267,14.9,2,0,0
0.3078,23.1,5,1,0
0.134,28.4,3,1,0
0.0658,4.9,4,0,1
0.1308,16.2,3,1,0
0.2967,12.3,4,0,0
0.1351,12.9,1,1,0
0.2394,2.9,5,0,0
0.2647,5.2,8,1,1
0.0877,5.3,2,1,0
0.6901,14.0,4,1,1
0.2033,67.5,4,0,0
0.4208,6.9,4,1,1
0.2383,16.1,4,1,1
0.4159,11.2,3,0,1
0.3768,46.4,4,0,0
0.2646,1.5,3,0,1
0.0689,6.6,2,0,0
0.5486,7.1,1,0,0
0.1298,148.7,0,0,0
0.0893,25.4,2,1,1
0.3939,4.5,4,1,0
0.3009,9.5,1,0,0
0.241,5.5,1,0,0
0.1693,4.0,1,0,0
0.5027,47.9,3,1,1
0.1045,20.5,1,1,0
0.2753,29.9,5,1,1
0.0897,12.1,1,0,0
0.3816,24.2,2,1,0
0.6644,8.9,4,1,1
0.3462,11.0,0,0,1
0.1381,31.7,5,0,0
0.4185,4.9,2,0,1
0.1839,28.8,2,0,0
0.161,57.4,6,1,0
0.236,3.8,4,0,0
0.0652,68.3,3,0,0
0.5637,2.5,1,1,1
0.2643,12.9,3,1,1
0.2769,28.3,2,0,1
0.5165,24.6,5,1,1
0.5254,3.0,1,0,0
0.1795,48.1,3,0,0
0.2845,108.5,4,0,0
0.1431,6.0,3,1,0
0.4615,67.7,3,1,1
0.5516,24.4,2,0,1
0.0581,82.4,3,0,1
0.5701,5.8,6,0,1
0.1129,47.1,3,0,0
0.1946,1.8,3,1,0
0.0858,64.4,6,0,0
0.3332,33.6,6,0,1
0.1169,13.9,3,0,0
0.2168,6.3,3,0,0
0.2118,50.9,4,1,1
0.0439,27.7,4,0,0
0.3386,13.4,2,0,0
0.0302,17.6,0,0,0
0.199,52.6,1,0,0
0.4057,12.4,5,1,1
0.431,2.8,1,0,0
0.2016,72.7,5,0,0
0.1086,14.7,3,1,0
0.3117,12.8,4,1,1
0.3437,6.9,2,0,0
0.3871,68.3,4,1,1
0.2514,7.4,8,0,1
0.421,30.4,0,0,1
0.2109,63.8,5,0,0
0.208,1.1,0,0,0
0.2077,52.9,4,0,0
0.3117,15.9,2,0,1
0.2424,32.2,5,1,0
0.5217,14.0,1,1,1
0.4969,35.7,1,0,0
0.284,8.8,2,0,0
0.0569,0.7,4,1,1
0.5588,88.6,1,0,0
0.3776,0.5,2,0,0
0.0776,52.1,5,1,0
0.4078,5.6,5,0,1
0.0594,14.9,4,1,0
0.0737,51.9,1,0,0
0.2256,6.9,3,0,0
0.8001,60.2,4,1,1
0.1356,20.7,2,0,1
0.5495,13.7,2,1,0
0.4152,32.6,2,0,1
0.1356,12.5,2,0,0
0.3158,12.8,2,1,0
0.5701,39.7,4,1,1
0.3624,11.1,1,1,0
0.0859,6.7,2,1,1
0.0547,49.5,5,1,1
0.434,49.1,5,1,1
0.1612,20.6,3,1,0
0.2428,22.4,1,0,0
0.1823,35.7,3,0,0
0.208,21.4,2,1,1
0.2032,16.2,1,1,0
0.1403,158.3,3,1,0
0.3704,4.8,7,1,1
0.4156,26.9,3,1,1
0.1491,65.1,3,1,0
0.1591,34.9,5,1,1
0.4816,63.8,3,0,0
0.1398,12.3,1,0,0
0.3563,9.5,5,0,0
0.5184,57.2,2,0,0
0.1072,15.0,1,1,0
0.1633,37.1,4,0,0
0.1748,4.8,3,0,0
0.2195,42.3,2,0,1
0.2872,23.9,4,1,1
0.1768,9.4,0,0,1
0.3352,20.5,2,0,0
0.3778,35.8,3,1,1
0.7763,0.4,3,1,1
0.4853,30.4,2,0,0
0.3598,23.4,3,1,1
0.2557,7.5,3,1,1
0.2216,41.9,3,1,0
0.4611,10.8,2,1,0
0.2063,9.7,1,1,0
0.21,19.1,6,1,0
0.1405,33.8,3,1,0
0.221,79.3,1,0,0
0.1197,4.6,3,0,0
0.2629,15.1,5,0,0
0.2113,2.1,0,1,1
0.2791,42.6,3,1,0
0.2576,17.8,5,1,1
0.3806,36.8,2,0,1
0.2741,11.7,5,1,0
0.3363,55.8,5,0,1
0.3377,23.0,1,0,0
0.3078,86.3,3,1,0
0.3235,2.5,3,1,0
0.2246,21.7,2,0,0
0.5467,43.6,7,1,1
0.3143,27.5,7,0,0
0.0648,0.7,2,0,0
0.1305,107.6,1,0,0
0.3122,10.6,3,0,1
0.2333,8.6,2,0,1
0.2733,19.9,7,1,1
0.0555,23.4,3,0,0
0.336,43.6,3,0,0
0.0756,15.0,7,1,0
0.5203,17.4,3,1,1
0.173,23.0,3,0,0
0.3042,15.0,6,1,0
0.1364,73.8,4,0,0
0.0297,57.2,3,0,0
0.1252,18.2,4,0,0
0.22,0.0,4,1,0
0.0554,69.4,1,0,0
0.6616,4.0,2,0,1
0.2597,8.4,3,0,1
0.1573,5.0,2,1,1
0.436,5.9,0,1,0
0.2186,48.7,1,0,0
0.3697,26.0,0,1,0
0.1117,93.8,3,0,0
0.4471,7.9,0,1,1
0.1329,19.9,2,1,0
0.2539,113.7,1,0,0
0.2505,52.5,2,0,0
0.4953,39.1,0,0,0
0.2912,6.3,7,0,0
0.309,44.0,3,0,0
0.4154,12.8,2,0,0
0.1185,22.7,4,0,1
0.211,28.2,1,0,1
0.4357,28.2,4,1,0
0.3448,38.9,5,1,0
0.2238,32.5,3,1,0
0.3923,2.1,2,1,1
0.1734,18.3,0,0,0
0.1752,32.7,0,0,0
0.1498,10.5,4,0,1
0.3277,11.3,0,0,0
0.1671,4.0,4,0,1
0.5072,16.3,5,0,0
0.7647,129.9,2,0,1
0.1433,10.1,0,0,1
0.2261,22.7,1,1,0
0.3828,40.8,6,1,1
0.3276,0.4,1,0,0
0.2014,69.2,0,0,1
0.3272,14.7,2,0,0
0.3699,61.0,3,0,0
0.3834,1.2,7,1,0
0.5358,4.7,3,0,0
0.3981,11.7,4,0,0
0.2198,12.7,4,0,0
0.146,56.5,1,0,0
0.2199,0.3,3,1,0
0.3132,30.7,1,1,0
0.0728,4.2,4,0,0
0.2488,52.0,4,0,0
0.6141,45.2,5,1,0
0.7883,20.8,3,1,1
0.3089,7.2,6,0,0
0.0751,30.2,3,1,0
0.3536,5.1,2,0,0
0.0674,6.3,1,1,0
0.2003,29.6,7,0,0
0.3178,142.1,8,0,0
0.3738,66.5,2,0,0
0.5368,27.0,5,1,0
0.0707,23.2,3,0,0
0.2625,192.9,5,0,0
0.1823,23.8,2,1,1
0.3877,16.3,4,0,0
0.1092,72.1,1,0,0
0.0881,8.0,3,1,0
0.2795,3.1,4,1,0
0.0432,30.2,2,0,0
0.456,3.0,2,0,0
0.3555,14.0,4,1,0
0.254,16.5,3,0,0
0.1889,23.8,2,0,0
0.2684,143.6,2,0,0
0.2593,7.5,4,0,0
0.5246,14.1,6,1,0
0.5299,4.3,1,1,1
0.5174,28.1,2,0,0
0.5546,39.0,3,1,0
0.3477,19.7,1,0,1
0.1714,8.5,4,1,0
0.4786,29.1,3,0,0
0.5471,23.2,4,1,0
0.4354,5.6,4,1,1
0.4423,15.6,3,0,0
0.1984,17.1,1,0,0
0.4501,121.6,3,0,0
0.1401,56.8,5,0,0
0.5124,39.8,2,1,1
0.2123,65.9,2,0,0
0.0846,39.9,4,1,0
0.5883,70.1,6,1,1
0.447,1.7,1,1,1
0.3676,18.3,3,0,0
0.3347,41.2,3,0,0
0.2081,26.3,4,1,0
0.4111,5.8,3,1,1
0.1419,12.5,4,1,0
0.1019,11.5,0,0,0
0.5076,9.1,1,0,1
0.436,12.6,5,0,0
0.501,21.7,3,1,1
0.6256,57.9,2,1,1
0.1286,40.6,1,0,0
0.3637,54.1,3,1,1
0.253,64.5,3,0,0
0.3953,16.1,2,1,1
0.2105,12.7,3,1,1
0.4774,1.8,2,0,0
0.4442,80.0,7,0,1
0.3519,2.0,1,1,0
0.041,40.5,1,0,0
0.2314,14.2,5,1,0
0.613,89.1,5,1,0
0.3957,16.3,2,0,0
0.5211,50.9,1,0,0
0.0488,10.0,2,0,0
0.0446,10.7,5,1,0
0.2521,27.2,3,0,0
0.3599,186.2,4,0,0
0.3966,21.9,1,1,0
0.2178,82.6,4,0,1
0.2722,46.3,4,0,0
0.0797,47.7,5,1,0
0.3151,17.2,2,1,1
0.1172,14.7,3,1,1
0.4335,6.4,2,1,1
0.2694,99.7,1,0,0
0.4253,96.1,3,1,1
0.1803,41.2,5,0,0
0.303,10.5,3,0,0
0.1815,8.4,1,0,1
0.1489,134.3,2,0,0
0.2231,2.1,6,1,0
0.1501,55.7,5,0,0
0.4532,13.2,4,0,0
0.2717,16.3,3,1,1
0.2212,53.5,1,0,0
0.2905,2.8,6,1,1
0.2062,13.1,0,1,0
0.2462,91.1,1,0,0
0.3962,36.0,3,0,0
0.2571,42.2,3,0,0
0.2435,42.5,3,1,0
0.4667,1.9,3,1,0
0.1069,6.8,3,1,1
0.1871,20.3,4,0,1
0.2189,13.8,3,1,1
0.5709,15.9,4,1,1
0.2883,45.6,1,0,0
0.2342,0.4,3,1,1
0.0805,32.4,3,0,0
0.1712,0.0,2,0,0
0.3936,2.0,2,1,0
0.1411,15.7,3,0,0
0.3385,55.2,2,0,1
0.5368,4.7,0,0,0
0.2399,24.3,0,0,0
0.1922,34.0,2,1,0
0.0753,7.8,4,0,0
0.2946,21.5,5,1,1
0.351,72.7,2,0,0
0.1053,21.5,1,0,0
0.0463,5.1,1,0,0
0.2978,29.7,3,0,1
0.2223,26.9,5,1,1
0.5074,0.8,2,0,1
0.0909,2.8,4,0,0
0.5253,5.1,2,0,1
0.2973,4.4,3,1,1
0.2696,9.0,2,1,0
0.4672,18.2,5,1,1
0.5008,13.9,4,0,0
0.213,66.4,4,0,0
0.3636,28.4,3,0,0
0.2512,62.7,3,0,0
0.1069,22.5,2,1,1
0.3344,2.8,1,1,1
0.2364,18.7,5,1,0
0.1599,51.8,9,0,0
0.1679,6.5,6,0,0
0.386,2.9,1,0,0
0.2825,12.0,3,1,0
0.2096,14.8,2,1,0
0.216,11.0,2,0,0
0.0902,4.4,7,0,1
0.4528,8.7,4,1,0
0.2618,34.4,1,1,0
0.3204,14.6,5,0,1
0.31,30.0,3,0,0
0.559,23.1,3,1,1
0.2913,23.9,4,0,0
0.1685,8.6,6,1,0
0.2951,22.1,4,1,0
0.0413,0.7,5,0,0
0.2131,17.0,1,1,1
0.3682,25.5,3,1,0
0.1585,6.0,4,1,1
0.553,8.9,6,0,1
0.1146,7.4,1,0,0
0.392,2.2,2,1,0
0.1989,12.8,3,0,0
0.6254,115.8,2,0,1
0.2945,13.1,2,0,0
0.1291,18.5,3,1,0
0.4595,31.8,4,0,1
0.3422,31.4,5,1,1
0.4302,89.8,2,0,0
0.4371,58.5,4,0,1
0.1849,47.4,4,0,0
0.6806,90.9,4,0,0
0.5098,7.9,3,1,0
0.4428,28.8,2,0,1
0.2581,65.5,2,1,0
0.0984,29.4,2,0,0
0.051,113.7,0,0,0
0.0896,3.2,1,1,0
0.1767,17.4,0,0,1
0.2186,113.6,7,1,1
0.1912,14.3,1,1,0
0.4851,40.4,6,1,0
0.3732,0.9,2,0,1
0.5594,35.6,3,1,1
0.1784,81.8,6,1,1
0.3617,14.5,3,1,1
0.5633,0.6,1,0,0
0.5577,0.8,1,1,1
0.0199,66.8,2,0,0
0.1516,38.5,4,0,0
0.0575,3.4,1,0,0
0.3022,1.7,1,1,1
0.3747,49.0,4,1,0
0.196,49.8,5,1,1
0.4478,3.9,1,1,1
0.2264,10.8,2,1,1
0.1443,45.4,4,0,0
0.2705,22.4,8,1,1
0.0649,94.1,3,0,0
0.3775,19.7,3,1,0
0.5896,33.9,8,1,1
0.4745,21.4,6,0,0
0.398,85.9,1,0,0
0.4242,15.3,5,0,0
0.2431,7.8,3,0,0
0.4045,11.9,2,1,0
0.188,57.5,6,0,0
0.2239,20.7,1,1,0
0.3734,13.1,6,1,0
0.2339,23.6,0,0,0
0.2759,4.3,3,1,0
0.1946,0.2,2,1,0
0.4686,9.9,4,1,0
0.3051,27.9,5,1,1
0.481,37.3,2,1,0
0.1109,52.6,1,0,0
0.1751,78.4,5,0,1
0.2951,15.9,2,1,0
0.4119,40.5,9,1,0
0.2364,2.3,6,1,1
0.597,1.8,4,0,1
0.1205,4.0,1,1,0
0.2963,17.9,1,0,0
0.5392,7.1,2,0,0
0.6101,10.1,3,0,0
0.2283,31.3,1,1,0
0.076,13.3,4,0,0
0.2727,24.5,5,0,0
0.0969,16.0,4,0,0
0.2578,5.6,0,1,0
0.293,2.3,3,1,0
0.1608,8.1,3,0,0
0.3424,1.8,6,0,0
0.3576,28.9,7,1,0
0.3273,47.6,3,0,0
0.3588,12.5,5,0,1
0.2588,14.7,2,1,0
0.2518,50.8,2,0,0
0.227,7.6,1,0,1
0.284,3.8,7,1,0
0.1282,20.9,5,0,0
0.3772,31.2,0,0,0
0.3011,27.5,4,0,1
0.1914,37.5,6,0,0
0.1401,1.8,1,1,0
0.0728,16.8,4,1,0
0.249,8.2,2,1,1
0.2199,42.7,1,0,0
0.5354,61.8,2,0,0
0.1383,9.9,0,1,1
0.1829,3.0,2,0,0
0.0587,8.8,4,0,0
0.3251,3.3,4,0,1
0.1889,11.7,4,0,0
0.3391,23.2,3,1,1
0.2468,109.1,4,0,0
0.3866,15.3,2,0,1
0.4416,7.5,2,1,0
0.1678,5.5,1,1,0
0.292,5.7,2,0,1
0.1637,6.4,3,0,1
0.5688,43.1,4,1,0
0.334,1.9,2,0,0
0.1625,178.6,2,0,0
0.2588,22.2,2,0,0
0.198,23.6,1,1,0
0.532,13.3,2,1,1
0.0896,35.2,3,0,0
0.3203,19.1,2,0,0
0.3705,12.0,2,1,0
0.4581,9.2,0,0,1
0.0608,78.0,1,0,0
0.4436,10.3,2,1,0
0.2571,17.2,4,1,0
0.0865,12.9,0,1,0
0.1844,2.7,2,0,0
0.2881,6.2,2,0,0
0.3569,6.3,4,1,0
0.278,35.5,1,0,0
0.3794,15.7,1,0,0
0.3225,45.7,3,0,0
0.5466,37.0,1,0,0
0.2697,6.4,4,1,1
0.5165,24.8,6,1,1
0.1371,40.7,2,0,0
0.1857,30.1,4,1,0
0.1918,27.5,2,0,0
0.5059,40.4,3,1,0
0.0978,1.8,8,0,0
0.263,39.4,1,0,1
0.0082,9.6,2,1,0
0.2604,25.5,2,1,0
0.1726,8.3,2,1,0
0.0378,54.8,2,1,0
0.36,19.7,3,0,0
0.4114,30.9,2,0,0
0.3165,47.4,7,0,0
0.0854,67.7,4,0,0
0.389,39.5,2,0,0
0.3288,4.8,1,1,0
0.191,57.8,2,0,1
0.4815,28.9,1,0,0
0.1853,28.2,3,0,0
0.1972,76.3,4,0,0
0.3201,8.6,2,0,0
0.3484,8.2,3,0,1
0.2812,21.6,1,1,1
0.4641,41.7,1,0,1
0.0565,17.8,0,0,0
0.6703,30.1,4,0,1
0.6818,18.1,2,0,0
0.3629,28.3,4,0,0
0.3343,51.8,7,0,1
0.2064,6.0,5,1,1
0.1228,35.7,1,0,0
0.4445,46.5,2,0,1
0.1539,17.8,4,1,0
0.1368,11.7,4,1,0
0.6619,0.4,2,0,1
0.1014,47.9,2,0,0
0.152,11.9,2,1,0
0.3111,13.3,3,0,0
0.2279,12.3,3,0,0
0.4449,20.7,1,1,0
0.2146,36.4,3,0,1
0.1794,44.3,4,1,0
0.0441,15.0,1,0,1
0.393,32.6,1,1,0
0.5708,38.3,3,0,1
0.3587,10.6,4,0,1
0.4492,3.0,3,0,1
0.0419,67.5,3,1,1
0.301,33.9,3,1,1
0.1741,31.3,3,0,0
0.5396,1.8,2,0,0
0.8063,51.1,4,0,1
0.097,25.0,1,0,1
0.2815,56.5,2,0,0
0.5122,110.1,5,0,0
0.0338,94.5,2,0,0
0.1236,58.2,4,0,0
0.5498,0.3,4,1,0
0.5714,65.1,3,1,0
0.077,2.3,1,0,0
0.3431,57.2,3,1,1
0.2288,9.9,2,1,0
0.1569,28.3,3,1,0
0.4281,1.2,3,1,1
0.1095,44.2,5,0,1
0.0969,3.6,1,0,0
0.2572,15.9,1,1,0
0.3342,51.0,2,0,1
0.5198,35.7,5,1,1
0.1511,0.2,3,1,0
0.1589,15.5,3,0,1
0.2085,1.3,1,1,1
0.1974,33.6,3,0,0
0.3833,104.2,3,0,1
0.3057,31.9,5,1,0
0.0846,7.6,3,1,0
0.3112,13.2,2,0,0
0.1018,112.7,2,0,0
0.4282,7.6,7,1,0
0.0395,24.7,1,0,0
0.5297,15.3,1,0,0
0.0962,43.9,3,0,0
0.3427,60.6,5,0,0
0.3853,12.5,2,0,0
0.1125,32.4,5,0,0
0.4023,23.9,2,1,1
0.3879,9.8,2,1,0
0.1389,9.5,3,0,0
0.4881,23.2,6,1,0
0.2442,5.0,0,0,1
0.0677,50.0,2,0,0
0.177,2.1,4,1,0
0.2166,3.0,7,1,0
0.1288,12.6,2,0,0
0.0774,3.8,3,1,0
0.1921,19.4,5,1,1
0.3551,15.3,3,0,1
0.3746,38.4,2,1,0
0.1346,91.7,6,0,0
0.0984,42.0,6,0,0
0.1997,5.9,4,0,0
0.2662,82.2,5,0,1
0.0802,14.9,2,0,0
0.2118,19.3,2,0,0
0.2419,16.4,2,0,1
0.2867,9.9,5,1,1
0.2419,67.6,3,0,0
0.6035,12.1,1,0,1
0.4235,25.9,2,0,1
0.7261,8.2,1,1,0
0.105,47.9,1,0,0
0.0706,44.6,1,0,0
0.2674,10.5,4,1,1
0.121,34.3,6,0,0
0.333,36.5,3,0,0
0.1819,24.8,3,1,0
0.0756,27.5,2,0,1
0.3617,25.6,3,1,0
0.6196,2.6,3,0,0
0.2351,33.3,4,0,0
0.2321,19.0,2,1,0
0.3328,17.3,4,1,0
0.3363,59.0,3,0,1
0.5519,0.7,3,1,1
0.2435,8.7,2,0,0
0.6226,3.9,2,1,1
0.4278,1.1,6,1,1
0.0986,9.7,4,0,0
0.1614,133.9,1,0,0
0.1664,9.5,4,0,1
0.7063,32.7,2,1,1
0.1841,3.8,3,1,1
0.4652,27.6,1,1,1
0.1037,125.0,5,0,0
0.2921,10.4,1,1,1
0.2049,56.5,2,1,0
0.5795,180.6,1,1,0
0.0959,26.6,3,0,1
0.1118,11.1,3,0,0
0.1116,33.6,2,0,1
0.1526,55.9,4,0,0
0.2088,5.6,1,0,0
0.3187,18.1,4,1,0
0.3815,11.5,3,0,1
0.1487,10.0,2,0,1
0.2475,59.2,1,0,0
0.5813,16.4,2,1,0
0.5614,12.4,3,0,0
0.0651,27.8,4,0,0
0.0869,7.4,1,0,0
0.1241,7.8,3,0,0
0.3211,22.0,2,0,0
0.2275,15.8,6,1,1
0.133,10.5,3,0,0
0.2937,1.7,8,0,1
0.5707,22.1,4,0,0
0.0701,50.9,1,0,0
0.2567,57.2,2,1,0
0.1789,8.1,2,0,0
0.4526,27.5,8,1,0
0.076,58.1,0,0,0
0.1983,15.8,3,1,0
0.4713,80.7,6,1,0
0.1947,70.0,3,0,0
0.2866,7.0,0,1,0
0.0717,9.0,2,1,1
0.237,6.0,3,0,0
0.3023,6.5,4,1,1
0.3824,71.5,1,0,0
0.1037,80.3,6,1,0
0.2543,1.6,3,0,0
0.3228,27.0,4,0,0
0.2523,24.9,2,0,0
0.1852,14.9,5,0,1
0.115,30.0,5,0,0
0.2811,88.3,8,0,0
0.3237,5.6,4,1,1
0.4054,3.8,2,0,0
0.1331,1.0,3,0,0
0.4054,13.6,2,1,1
0.0742,12.4,1,1,0
0.1084,16.9,3,0,0
0.4188,21.0,3,1,1
0.2361,42.5,1,1,0
0.3727,14.9,1,1,0
0.5407,12.0,1,1,0
0.4052,52.6,2,1,1
0.1425,56.9,2,0,0
0.2626,7.9,1,1,0
0.7163,11.3,0,1,1
0.1246,52.3,2,0,0
0.4638,2.5,2,0,0
0.2598,11.8,3,0,0
0.6744,17.8,7,1,1
0.261,6.2,3,1,1
0.2398,6.0,2,1,0
0.3097,16.6,0,0,0
0.4937,42.1,1,0,0
0.2478,55.0,1,0,0
0.2075,116.2,4,0,0
0.5007,2.3,3,1,0
0.2241,7.3,2,1,1
0.363,42.4,3,0,0
0.1275,23.3,2,1,0
0.1629,11.9,2,0,0
0.3767,6.9,5,1,0
0.1424,9.9,6,1,1
0.1018,16.8,6,0,0
0.313,5.8,5,1,1
0.6981,99.9,4,0,1
0.1715,3.4,3,1,0
0.3326,127.2,2,0,0
0.3828,55.3,4,0,1
0.165,16.5,1,1,0
0.1163,40.4,2,0,0
0.1604,33.4,4,0,0
0.2054,7.2,3,1,1
0.3929,12.4,3,1,1
0.1164,21.6,2,0,1
0.5431,30.5,2,0,0
0.2343,23.5,2,1,1
0.247,19.2,3,0,0
0.2628,17.6,4,0,0
0.2709,20.7,3,0,0
0.3726,17.1,4,1,0
0.2701,23.4,2,1,1
0.4669,65.7,4,0,0
0.3195,30.1,3,0,1
0.2152,38.5,2,0,0
0.2776,27.3,4,0,0
0.1781,30.9,2,0,1
0.2924,25.9,4,1,1
0.1202,0.8,8,1,1
0.299,234.6,3,0,0
0.1944,1.0,3,1,0
0.3454,15.1,0,0,1
0.1733,3.3,4,1,0
0.398,3.1,2,0,1
0.6001,47.3,3,0,0
0.31,16.6,4,0,0
0.3279,48.5,6,1,1
0.1423,9.6,6,0,0
0.2623,8.9,1,1,1
0.1916,8.7,2,0,0
0.3632,28.7,4,0,0
0.2534,50.6,1,0,0
0.5601,18.1,2,0,1
0.5461,14.3,2,1,1
0.3106,109.0,4,0,0
0.0234,3.7,3,0,0
0.3229,20.0,4,1,0
0.2468,15.8,4,1,0
0.1738,3.1,2,1,0
0.4773,9.4,4,0,0
0.073,0.9,6,0,0
0.2702,62.9,4,0,0
0.2513,28.1,4,0,0
0.0579,50.6,3,1,1
0.332,22.1,3,0,1
0.24,27.5,3,0,0
0.3789,36.2,3,0,0
0.0711,71.6,2,1,1
0.323,2.9,2,1,1
0.4071,12.1,4,1,0
0.4323,37.0,3,1,0
0.0535,95.4,1,0,0
0.1401,118.6,4,0,0
0.1896,30.5,3,0,0
0.4089,6.5,2,1,0
0.2964,3.8,3,1,1
0.2064,87.6,2,0,0
0.5793,17.1,1,1,0
0.0914,6.5,3,1,1
0.2011,81.5,1,0,0
0.3572,3.3,1,1,0
0.335,39.2,3,0,0
0.3576,29.4,0,0,1
0.2329,2.8,5,0,0
0.3056,12.4,3,1,0
0.0586,4.9,1,0,1
0.1568,27.8,2,1,0
0.1795,19.5,0,0,0
0.3157,0.1,2,1,0
0.1208,111.5,2,0,0
0.376,12.9,2,1,1
0.2153,9.0,3,1,0
0.3372,7.5,1,1,1
0.1553,5.2,4,1,1
0.2377,211.7,4,1,0
0.23,10.5,2,0,1
0.216,15.6,2,1,1
0.5462,61.5,3,1,1
0.3544,30.8,1,1,1
0.2651,13.8,4,0,1
0.2712,68.6,1,0,0
0.2087,41.6,1,1,0
0.3832,7.8,3,0,0
0.1071,31.0,4,0,0
0.518,76.7,4,0,1
0.1662,20.6,5,0,0
0.1453,39.7,1,1,0
0.4464,106.3,6,1,0
0.0636,35.2,8,0,0
0.5812,3.2,5,1,1
0.2068,8.4,6,1,0
0.4671,27.1,3,0,0
0.3558,9.7,0,1,1
0.2894,94.8,3,0,0
0.5026,15.6,2,0,0
0.2038,18.3,3,1,0
0.4034,36.3,4,1,0
0.3316,22.3,1,1,1
0.2675,14.4,3,1,0
0.1975,2.4,3,1,0
0.0392,27.2,5,1,0
0.2458,60.7,6,0,1
0.4124,34.7,2,1,0
0.2297,14.4,4,1,1
0.3059,4.1,3,0,0
0.1216,50.8,3,1,0
0.0491,85.3,2,0,0
0.212,14.7,3,1,0
0.408,39.1,1,0,0
0.2895,15.9,3,0,0
0.1429,20.9,2,1,1
0.0688,54.3,1,0,0
0.4781,2.6,4,1,1
0.259,22.7,2,1,1
0.2924,7.2,5,0,0
0.3856,12.5,4,1,1
0.0182,31.0,3,1,1
0.1946,0.8,5,1,1
0.1105,27.0,2,0,0
0.1085,10.0,6,0,0
0.1977,33.2,2,1,1
0.2566,4.6,2,1,1
0.3968,39.9,3,1,1
0.4084,31.1,3,1,1
0.151,106.5,3,0,0
0.328,72.7,3,1,0
0.1938,10.0,6,1,0
0.419,0.8,5,1,1
0.3956,32.0,4,1,0
0.1112,27.7,3,1,1
0.2922,0.8,2,1,0
0.1138,3.9,2,1,0
0.2748,26.4,1,0,0
0.778,72.9,2,0,1
0.1658,71.1,3,1,0
0.2767,4.9,3,0,1
0.2734,14.6,4,0,1
0.1926,1.3,0,0,1
0.3788,19.0,1,0,0
0.7091,42.0,3,0,0
0.218,46.8,3,0,0
0.1925,20.7,6,1,1
0.5289,3.0,2,0,1
0.2596,14.4,3,1,1
0.3048,80.7,2,0,0
0.0975,7.8,5,1,1
0.1884,11.6,3,0,0
0.0657,41.2,2,0,0
0.1885,39.7,1,0,1
0.1794,73.0,2,0,0
0.2741,14.7,10,1,1
0.4327,21.7,4,1,1
0.3444,18.9,5,0,0
0.0539,78.8,3,0,0
0.1392,44.0,3,1,0
0.1826,53.4,2,1,1
0.2468,4.3,3,0,1
0.0489,47.1,2,0,0
0.4583,17.0,0,1,1
0.1587,0.7,2,0,0
0.1513,1.9,3,0,0
0.296,34.0,2,1,0
0.0683,14.0,3,1,0
0.0868,60.8,6,0,0
0.2769,39.8,1,0,0
0.2685,0.7,3,1,1
0.4288,34.8,1,1,0
0.0667,6.4,5,1,0
0.5197,16.5,4,1,0
0.2561,29.4,2,1,0
0.1909,61.8,3,0,0
0.2284,18.3,2,1,0
0.5739,49.6,2,0,0
0.2511,45.8,5,0,0
0.3476,16.1,1,1,1
0.0969,20.9,2,1,1
0.1821,36.2,5,0,0
0.412,0.9,3,1,0
0.1462,66.4,5,1,1
0.425,44.1,1,0,0
0.2072,8.6,3,0,0
0.6051,119.2,5,1,0
0.5699,5.9,4,0,0
0.3697,73.6,2,0,0
0.1009,11.8,2,0,0
0.0486,43.2,3,0,0
0.0861,18.3,3,1,0
0.1475,40.0,5,0,0
0.4485,5.1,3,1,0
0.1305,9.4,2,1,0
0.3228,3.2,6,0,0
0.2068,60.1,5,0,0
0.3305,10.5,4,1,0
0.2422,35.6,3,0,0
0.1914,51.5,5,1,1
0.0555,69.5,6,1,0
0.2236,3.4,0,0,0
0.3024,67.1,6,0,0
0.2218,6.6,2,1,1
0.1012,40.1,3,1,0
0.1719,39.2,5,1,0
0.552,0.3,3,1,0
0.287,7.5,3,0,1
0.2339,20.3,4,0,0
0.1093,16.3,2,0,0
0.3903,75.2,4,0,1
0.4059,13.4,1,1,0
0.4709,82.9,5,0,0
0.251,18.5,2,0,1
0.6391,100.0,2,0,1
0.3976,40.1,6,1,0
0.1864,53.0,3,0,0
0.1404,3.3,2,0,1
0.2079,26.5,2,1,0
0.2351,4.6,3,1,0
0.1585,10.6,4,0,0
0.4637,29.3,2,0,0
0.1425,38.9,5,1,0
0.2946,1.2,1,1,0
0.4261,22.7,3,1,0
0.2187,25.0,2,1,0
0.2731,2.5,3,0,1
0.497,20.8,2,1,1
0.0619,37.5,6,0,0
0.1509,1.6,2,0,0
0.4504,42.8,3,1,0
0.0343,25.8,4,1,0
0.4192,53.7,3,1,1
0.6988,7.4,5,1,1
0.0513,53.7,3,0,0
0.1378,3.0,5,0,0
0.4825,15.5,3,1,1
0.1731,6.7,2,1,0
0.2033,62.6,1,0,0
0.3721,36.6,1,0,1
0.2449,0.8,0,0,0
0.1509,0.3,3,1,0
0.2149,10.3,2,1,1
0.0847,4.6,2,1,1
0.0482,29.9,1,0,0
0.2852,32.7,4,1,1
0.1941,85.4,4,0,0
0.0645,91.1,6,1,0
0.1482,32.3,1,0,0
0.1201,0.2,3,1,0
0.4317,13.3,0,0,0
0.0876,21.6,1,0,0
0.3956,20.7,8,1,0
0.1963,27.7,3,0,1
0.2405,97.0,2,0,0
0.3238,64.9,2,0,0
0.1805,3.5,2,0,0
0.5457,9.3,3,0,1
0.1972,53.7,4,0,0
0.2573,52.2,1,1,0
0.0966,9.7,5,0,0
0.355,39.3,5,1,1
0.0601,33.4,4,0,0
0.2294,19.2,1,1,0
0.1952,6.7,6,0,1
0.1895,65.9,1,0,0
0.3241,34.0,5,1,1
0.4398,5.6,3,0,0
0.014,36.6,3,0,0
0.2876,40.6,6,1,0
0.3769,65.4,0,1,0
0.1061,7.6,1,1,0
0.2648,134.6,4,0,0
0.1698,5.0,5,1,0
0.457,27.5,10,1,0
0.1725,32.1,3,0,0
0.3074,16.3,4,1,1
0.2656,19.3,6,0,0
0.3148,66.5,2,1,1
0.3437,31.1,3,0,0
0.2731,20.6,7,0,0
0.3174,4.1,3,1,1
0.4084,0.2,5,1,1
0.3287,4.0,4,1,1
0.4461,93.8,5,0,0
0.0838,43.3,3,0,0
0.3322,102.4,3,0,0
0.1499,1.1,6,1,1
0.4095,34.2,1,0,0
0.1192,1.4,3,0,0
0.4837,45.7,1,1,0
0.2832,14.4,2,0,0
0.4945,3.0,4,1,1
0.5508,25.2,2,0,1
0.2382,9.9,3,0,0
0.2264,32.3,2,0,0
0.3199,32.2,2,0,0
0.2631,36.6,4,1,1
0.265,146.6,1,0,0
0.4157,14.7,2,0,0
0.4345,18.8,2,0,1
0.0985,49.0,2,0,0
0.4666,25.9,1,1,0
0.0283,1.1,2,0,0
0.1599,55.6,5,1,0
0.3158,1.6,4,1,0
0.118,5.6,4,1,1
0.2975,3.2,3,1,1
0.4258,2.4,3,1,1
0.4706,0.8,0,0,0
0.2564,1.7,2,0,0
0.2833,17.5,1,0,0
0.5734,8.7,1,0,0
0.1326,4.1,5,0,0
0.2883,32.3,3,0,1
0.1727,7.7,1,0,0
0.3402,0.6,4,1,1
0.6852,16.3,5,0,1
0.178,11.2,2,0,0
0.3702,11.5,1,1,0
0.3206,17.7,4,0,0
0.1591,33.2,5,0,1
0.5834,28.8,5,0,1
0.3445,83.1,2,0,1
0.1957,21.9,5,0,1
0.2524,19.2,4,0,0
0.1003,7.2,4,1,0
0.3772,42.2,3,1,1
0.3803,4.6,0,1,1
0.3054,20.3,5,0,0
0.27,16.4,2,1,0
0.3933,32.2,5,1,0
0.531,74.9,5,0,0
0.4576,87.9,2,1,0
0.0591,5.5,5,1,0
0.1035,9.1,5,1,0
0.2651,50.1,2,0,0
0.3559,21.9,6,1,0
0.3499,18.1,2,0,1
0.2918,37.2,3,0,0
0.1785,27.6,3,0,0
0.2645,105.9,6,1,0
0.2603,26.3,6,1,1
0.1841,18.8,2,1,1
0.0277,23.5,1,0,0
0.1144,49.6,4,1,0
0.351,28.5,3,1,1
0.2126,31.2,2,0,1
0.2104,106.7,4,0,0
0.5565,28.9,1,1,0
0.3403,14.4,3,0,1
0.1141,35.3,2,1,0
0.0787,32.3,2,0,0
0.3659,0.4,5,0,0
0.1419,18.9,2,0,0
0.0746,40.7,1,0,0
0.2557,20.7,3,0,0
0.2161,45.4,0,0,0
0.4575,18.0,3,0,1
0.3284,122.8,3,0,1
0.2928,10.4,1,1,1
0.0902,2.9,1,0,0
0.5405,16.9,3,1,1
0.4364,23.4,6,0,0
0.6887,12.9,3,1,0
0.4311,8.3,4,0,1
0.2528,33.4,4,1,0
0.1769,14.2,2,0,0
0.3914,29.9,2,0,0
0.4314,45.3,2,0,0
0.0621,42.9,1,1,0
0.2518,14.1,3,1,0
0.059,25.2,2,0,0
0.2599,17.9,3,0,0
0.4507,61.4,1,0,0
0.4259,63.3,3,1,0
0.0328,12.6,5,0,0
0.3123,2.9,2,0,0
0.0879,5.5,1,1,0
0.1302,13.7,1,1,0
0.3232,24.9,6,1,1
0.2394,32.1,7,1,0
0.1151,12.1,0,1,0
0.2986,33.0,0,0,0
0.3063,83.3,1,0,0
0.1018,31.7,1,0,0
0.3206,5.2,3,0,1
0.2949,26.0,4,1,0
0.4364,23.4,3,0,1
0.4863,61.4,3,0,0
0.2566,12.9,2,0,0
0.3878,16.5,5,1,1
0.2533,27.4,3,0,0
0.2325,22.3,5,1,0
0.4191,38.1,2,1,1
0.4387,1.2,2,1,0
0.2885,24.9,1,0,0
0.4582,3.9,4,1,0
0.2835,11.4,4,1,0
0.1266,32.5,2,0,0
0.2756,5.1,2,1,0
0.2225,11.1,5,0,1
0.3472,36.4,3,1,1
0.201,31.6,2,0,0
0.335,2.9,4,1,0
0.2671,25.8,4,0,1
0.3571,4.8,0,0,1
0.2433,8.7,7,1,1
0.0149,18.4,5,1,0
0.2376,3.5,2,0,1
0.1953,151.8,2,0,0
0.6974,5.4,3,1,0
0.5036,45.6,5,1,1
0.2305,53.1,2,0,1
0.3263,155.9,2,0,0
0.1313,16.8,2,0,0
0.1997,62.2,4,1,0
0.2487,94.8,7,1,0
0.6766,5.7,3,0,0
0.1105,19.6,4,0,0
0.4218,1.9,6,1,0
0.3788,29.1,2,1,0
0.1564,26.1,4,0,1
0.4976,6.8,0,0,0
0.3812,48.0,2,0,0
0.3982,1.1,3,1,0
0.3344,49.2,3,0,0
0.3599,0.8,6,1,0
0.1818,32.1,3,1,0
0.4242,2.5,5,0,1
0.4565,8.7,3,0,0
0.1895,38.4,3,0,0
0.4088,9.9,2,0,0
0.204,21.5,2,1,0
0.2832,74.0,2,0,0
0.1593,1.5,2,0,0
0.1496,50.0,6,1,0
0.22,2.0,3,0,0
0.2758,4.1,0,1,1
0.1382,3.8,3,1,1
0.3428,154.0,5,0,0
0.1258,6.0,4,0,0
0.3065,68.1,3,0,1
0.3642,141.1,0,0,1
0.2164,14.5,3,0,0
0.4731,29.9,4,1,1
0.2806,45.3,4,1,1
0.2805,15.0,4,1,1
0.3837,5.3,5,1,0
0.3383,17.1,3,1,1
0.2836,44.3,4,0,0
0.0851,45.5,2,0,0
0.3169,7.9,3,0,0
0.0562,5.8,1,1,0
0.1614,76.0,3,0,0
0.1111,1.3,1,0,1
0.3328,39.8,3,1,0
0.2039,1.4,3,1,1
0.3032,54.6,1,0,0
0.1214,70.7,1,0,0
0.1723,10.6,6,1,1
0.1249,2.3,5,1,1
0.5796,19.7,2,1,1
0.152,10.6,2,1,0
0.1642,16.2,2,0,0
0.4909,32.8,3,0,0
0.3187,7.1,4,1,1
0.3394,13.2,0,0,0
0.1742,45.8,4,1,0
0.3371,31.0,5,1,0
0.1995,11.8,2,0,0
0.3318,32.7,3,0,0
0.4022,43.5,2,0,0
0.2365,26.9,1,0,0
0.5332,8.2,2,1,1
0.3684,0.0,3,0,0
0.248,48.7,3,0,0
0.667,51.9,4,1,0
0.0755,35.9,4,0,0
0.1599,2.4,6,1,1
0.3566,26.4,1,1,1
0.3034,51.6,5,1,0
0.0262,14.8,5,0,0
0.2452,6.6,3,1,0
0.3792,26.6,6,1,1
0.2671,52.5,7,0,0
0.4944,1.5,4,0,1
0.1824,27.3,3,1,0
0.5541,30.9,5,1,0
0.2207,27.7,3,1,0
0.4021,31.5,6,0,0
0.1827,29.9,1,1,1
0.6901,4.2,1,1,0
0.1935,8.0,2,0,0
0.4803,28.9,3,0,0
0.2654,0.5,4,1,0
0.6442,30.2,3,1,1
0.1429,32.8,4,1,0
0.3841,8.2,2,1,1
0.6305,27.3,0,1,1
0.2863,22.9,2,1,0
0.3096,9.1,3,1,0
0.2322,18.7,2,0,0
0.0364,72.1,3,0,0
0.0828,16.7,3,1,0
0.4258,29.8,4,0,0
0.2131,1.1,0,1,0
0.1575,2.4,3,0,0
0.8334,2.5,4,1,1
0.1069,45.2,3,0,0
0.2034,12.9,4,0,1
0.023,7.7,4,1,0
0.1048,41.3,1,0,0
0.3998,5.6,2,1,1
0.2485,8.5,2,0,0
0.3798,16.9,2,1,0
0.5241,12.1,4,1,0
0.2004,26.4,1,1,1
0.0978,12.4,4,1,1
0.2774,15.0,0,1,0
0.3196,59.6,5,0,0
0.3408,64.8,4,1,0
0.7175,52.8,3,0,0
0.6841,60.0,0,0,0
0.2815,25.3,2,0,0
0.2064,31.2,0,0,1
0.1493,24.4,2,0,0
0.4766,46.2,4,0,0
0.1561,24.0,2,1,0
0.4178,3.5,3,1,0
0.3401,49.8,1,0,0
0.1871,42.9,2,0,1
0.3008,51.5,2,0,0
0.2504,6.3,2,0,0
0.1877,9.5,1,0,0
0.1563,10.5,2,0,0
0.3812,21.3,4,1,1
0.2031,4.3,4,0,1
0.1883,14.6,4,1,1
0.1923,6.0,5,1,1
0.2804,9.2,2,0,0
0.4907,36.8,1,1,1
0.1859,57.9,4,0,0
0.27,0.7,2,1,1
0.514,25.0,3,1,0
0.2324,1.1,0,1,0
0.1509,2.7,2,0,0
0.2425,36.6,3,0,1
0.3662,39.9,1,0,0
0.1809,50.5,0,0,0
0.2613,19.3,3,0,0
0.4327,58.9,6,0,1
0.3472,5.5,3,0,0
0.039,8.6,5,1,0
0.4451,4.3,4,1,1
0.1514,47.9,2,0,0
0.1623,7.8,5,0,1
0.2943,5.1,1,0,0
0.3663,29.3,1,0,0
0.6674,2.4,5,1,1
0.123,1.4,3,0,1
0.3304,3.4,2,0,0
0.4036,0.0,1,1,1
0.2317,35.8,5,0,0
0.5542,24.8,4,1,0
0.6513,7.1,3,0,1
0.3365,8.0,0,0,0
0.0892,50.0,1,0,0
0.0858,20.9,2,0,1
0.3096,36.0,9,1,0
0.3498,18.1,1,0,0
0.5088,8.1,2,1,0
0.2895,105.6,3,0,0
0.2436,25.0,4,0,1
0.3143,4.2,1,1,0
0.2768,15.6,2,0,0
0.2001,12.0,3,1,1
0.6213,7.2,3,1,0
0.3128,81.3,6,0,0
0.0907,63.8,5,0,0
0.2717,6.7,3,1,0
0.4525,13.0,1,0,0
0.3439,43.1,2,0,0
0.1754,7.0,2,1,0
0.6207,26.9,2,0,0
0.4008,36.1,2,0,0
0.1284,31.8,6,1,0
0.0943,36.8,4,0,1
0.1776,36.8,3,1,0
0.0353,100.4,2,0,0
0.5738,12.8,1,1,1
0.2544,63.3,1,0,0
0.1008,0.7,4,1,0
0.2705,10.2,5,1,0
0.0893,1.5,4,0,0
0.4531,31.6,1,1,1
0.3781,3.2,4,0,0
0.3913,56.1,2,0,0
0.2898,31.2,4,1,0
0.3461,0.9,1,0,0
0.2259,37.6,2,1,0
0.412,59.4,4,0,0
0.4036,32.5,1,0,0
0.2967,0.9,3,0,1
0.5219,58.5,3,1,0
0.4522,39.6,7,0,0
0.1193,14.3,4,0,0
0.123,12.0,3,0,0
0.093,19.6,1,1,0
0.1597,60.5,3,0,0
0.3442,8.7,2,1,0
0.6918,3.2,3,0,1
0.2877,60.0,3,1,0
0.3135,0.8,2,0,0
0.3809,72.6,5,1,0
0.3512,10.9,3,1,1
0.1707,21.3,0,1,1
0.2075,4.3,2,0,0
0.3666,69.8,2,0,0
0.2147,41.6,1,0,0
0.2237,77.4,3,0,0
0.2151,34.5,7,0,1
0.3967,6.1,1,0,0
0.1376,11.1,6,0,0
0.2044,20.0,6,0,0
0.6426,28.0,3,0,1
0.4043,78.3,2,0,0
0.1412,14.5,1,0,1
0.3196,36.4,5,1,1
0.1513,97.3,3,0,0
0.6704,5.0,1,1,1
0.1226,59.6,3,0,0
0.1363,16.4,3,0,0
0.3773,39.6,6,1,1
0.1799,10.4,3,0,0
0.5116,12.2,3,1,1
0.3315,0.8,1,1,1
0.4982,106.6,1,0,0
0.1218,50.4,2,0,0
0.1152,3.0,6,1,1
0.2995,228.6,5,0,0
0.4057,27.9,1,1,1
0.0609,57.7,2,0,0
0.3988,2.1,2,0,0
0.3524,14.8,2,0,0
0.3762,33.2,3,1,1
0.1792,3.4,2,0,1
0.5211,20.1,1,0,1
0.0834,17.5,5,1,0
0.3219,7.3,2,0,1
0.3957,10.7,3,1,1
0.1296,102.4,0,0,0
0.0575,10.2,3,0,0
0.5824,7.2,5,1,0
0.4263,23.0,2,0,0
0.3999,33.3,5,1,0
0.2503,38.7,7,1,0
0.3103,42.1,2,0,0
0.2807,1.1,6,1,0
0.4364,15.0,4,1,0
0.2755,44.6,4,1,1
0.1328,70.6,1,0,0
0.126,27.7,4,1,0
0.512,1.6,2,1,0
0.0819,15.2,8,1,0
0.3915,2.3,3,1,1
0.1851,41.4,5,0,0
0.039,2.0,1,0,0
0.398,6.2,5,0,1
0.3591,16.2,3,0,0
0.2568,18.6,6,1,0
0.1877,15.7,2,1,1
0.568,18.7,2,1,0
0.2853,37.5,5,1,0
0.2239,13.8,4,0,1
0.1124,23.8,2,0,0
0.1194,10.8,2,0,0
0.4021,13.1,0,1,0
0.2212,28.5,2,1,0
0.0114,20.2,3,0,0
0.1704,38.5,3,0,0
0.4507,24.7,3,0,0
0.3726,48.8,1,0,0
0.1909,17.6,3,0,0
0.6533,20.3,4,1,0
0.1073,33.3,2,0,0
0.0909,7.5,4,0,0
0.0822,14.6,3,0,0
0.1536,29.4,6,1,0
0.3759,0.9,3,1,0
0.1845,17.2,4,1,0
0.2396,27.4,3,0,0
0.0565,102.7,1,0,0
0.5111,62.9,2,0,0
0.4585,9.9,2,1,1
0.2268,21.2,3,1,1
0.2256,1.7,5,1,0
0.2684,8.3,2,0,0
0.3079,44.7,4,1,1
0.2879,3.9,4,0,0
0.3069,8.9,3,1,0
0.237,86.5,3,1,0
0.1203,52.1,6,1,0
0.3096,45.7,4,1,0
0.202,60.0,2,0,0
0.2785,41.5,3,1,0
0.0813,3.9,0,0,0
0.2115,21.8,4,1,1
0.1541,17.6,4,0,0
0.3746,11.2,1,0,0
0.2915,53.9,1,0,0
0.1666,18.7,6,1,1
0.1819,1.9,2,0,0
0.3356,9.6,1,0,1
0.3233,7.8,2,1,1
0.262,65.5,3,0,0
0.3525,31.3,1,0,1
0.4731,24.7,3,0,0
0.1531,21.2,3,1,1
0.0738,31.5,2,0,0
0.3676,42.2,2,0,1
0.178,24.2,3,1,1
0.357,83.6,6,0,1
0.3878,113.0,3,0,0
0.309,161.1,4,0,0
0.1711,33.2,3,0,0
0.0296,80.9,0,0,0
0.1037,15.5,2,1,0
0.1279,58.9,4,0,0
0.3346,72.0,1,0,0
0.5243,70.3,4,1,0
0.1321,53.3,2,1,1
0.2946,15.7,4,0,1
0.2131,5.2,2,0,0
0.146,12.2,5,0,0
0.3961,43.7,2,0,1
0.4602,8.0,5,0,1
0.3032,19.5,5,0,0
0.3731,25.0,1,0,0
0.2973,27.8,2,1,1
0.2531,82.3,2,0,0
0.4933,32.5,2,0,0
0.1142,46.3,5,0,0
0.1209,26.2,2,0,0
0.0293,53.8,3,0,0
0.3321,9.2,4,0,0
0.3711,7.1,4,1,0
0.2731,78.2,3,1,0
0.3206,35.5,2,1,1
0.15,33.4,6,1,0
0.1995,18.9,2,1,1
0.2222,14.2,2,0,0
0.1213,24.3,2,0,0
0.1254,3.9,1,1,0
0.2968,18.2,1,1,0
0.1399,18.2,4,1,0
0.3536,23.2,1,1,1
0.4942,30.2,1,1,0
0.2172,94.6,2,0,0
0.2701,31.7,4,1,1
0.0802,64.6,5,0,0
0.1117,24.4,4,0,0
0.0883,29.6,0,1,0
0.2931,2.2,2,0,1
0.3792,4.3,3,1,1
0.1445,26.0,3,0,0
0.4462,15.1,4,0,1
0.4956,48.1,1,0,1
0.2387,23.5,4,0,0
0.2904,64.2,2,0,0
0.25,107.6,3,0,0
0.2772,4.8,3,0,0
0.0389,15.1,2,0,0
0.2357,32.8,3,1,0
0.0186,10.9,3,1,0
0.4306,9.3,5,1,1
0.4219,50.4,1,0,0
0.2182,117.9,4,0,0
0.5305,44.6,3,0,0
0.6007,22.2,6,1,1
0.2052,17.5,2,0,0
0.3932,23.3,3,0,0
0.5094,18.6,2,1,0
0.175,21.0,3,1,1
0.0809,6.8,5,1,1
0.293,70.2,2,0,0
0.3058,42.1,4,1,1
0.3033,34.3,2,0,1
0.1836,89.8,0,0,0
0.2061,10.0,2,0,0
0.0504,2.5,5,0,0
0.2734,52.5,1,0,0
0.538,193.5,1,0,0
0.3644,25.9,5,1,1
0.0713,1.8,6,1,1
0.1553,45.5,3,0,0
0.18,2.3,4,0,0
0.4371,23.3,4,0,0
0.6261,9.8,3,0,0
0.1085,74.0,2,0,0
0.3467,18.0,4,0,0
0.3846,68.6,4,0,1
0.0469,10.7,4,0,1
0.1486,14.7,4,1,0
0.5002,88.2,1,0,1
0.0304,6.7,2,0,0
0.1026,25.9,3,1,0
0.6143,14.8,13,1,1
0.3153,44.6,4,0,0
0.1489,4.2,1,0,0
0.1924,17.2,0,1,1
0.3677,36.0,2,1,1
0.4872,15.7,5,0,0
0.4771,1.8,3,0,0
0.0897,36.6,3,0,0
0.2565,21.0,2,0,1
0.1614,0.3,4,1,1
0.1444,28.5,3,0,0
0.251,75.7,4,0,0
0.3578,3.5,1,0,1
0.1243,26.8,4,0,0
0.1339,39.1,2,0,0
0.2291,2.2,3,1,0
0.5144,0.7,4,0,1
0.304,18.7,2,0,0
0.1156,47.0,1,0,0
0.4994,5.3,4,1,0
0.2339,54.4,3,1,1
0.2677,32.1,1,0,0
0.2968,12.1,4,0,0
0.1465,21.8,2,0,1
0.115,101.1,4,0,0
0.0294,7.3,1,0,0
0.0217,20.8,6,1,1
0.3732,29.4,6,1,1
0.2106,4.5,2,1,0
0.0036,1.3,2,0,0
0.6224,0.4,1,0,1
0.3769,11.8,3,1,1
0.2033,2.3,6,1,1
0.5818,48.9,1,0,0
0.3637,177.7,3,0,0
0.2409,1.9,0,0,0
0.0611,17.0,3,0,0
0.228,0.8,1,0,0
0.2477,4.3,3,1,1
0.1648,11.7,2,0,0
0.2877,15.0,6,1,1
0.4199,84.3,3,1,0
0.2267,15.1,3,1,0
0.0643,20.6,4,0,0
0.1275,8.5,3,1,0
0.6439,0.0,3,1,1
0.0495,68.9,1,0,0
0.2766,2.6,5,0,0
0.2215,99.9,3,0,0
0.3672,4.2,5,0,0
0.2514,27.9,5,1,1
0.2252,223.1,2,0,0
0.46,4.5,2,0,0
0.3599,16.5,2,0,1
0.2462,45.5,4,0,0
0.2788,1.0,3,1,0
0.5463,35.1,2,1,1
0.2668,2.5,5,1,0
0.4775,8.1,2,1,0
0.4848,5.2,4,1,0
0.1299,71.4,6,0,0
0.1267,6.0,3,1,1
0.3268,1.2,4,1,1
0.5013,26.6,2,1,0
0.1626,12.7,4,0,1
0.3539,15.6,1,0,1
0.3612,3.8,1,0,1
0.0267,41.4,2,0,0
0.3841,27.6,5,1,1
0.1691,13.6,1,1,0
0.2716,5.6,3,0,0
0.0521,27.0,2,1,0
0.1734,45.2,5,1,1
0.2522,11.2,4,0,0
0.3001,0.8,3,1,0
0.1978,7.2,6,1,1
0.2385,34.4,3,0,1
0.3581,135.6,4,0,0
0.2929,0.4,3,1,1
0.1045,11.0,3,0,0
0.0873,1.9,1,0,0
0.449,11.4,2,1,0
0.3759,15.6,5,1,1
0.332,76.1,2,0,0
0.2626,2.5,5,0,1
0.178,45.0,6,0,0
0.1511,15.1,3,1,1
0.3628,50.0,2,1,0
0.1397,21.6,2,1,1
0.2973,1.2,3,1,0
0.3581,87.7,4,0,0
0.1088,2.6,1,0,0
0.225,27.3,4,1,1
0.3623,63.0,2,0,1
0.244,2.5,3,0,0
0.0481,24.2,0,0,0
0.5361,52.2,3,0,1
0.2664,128.8,5,0,0
0.1298,38.7,2,0,0
0.5393,9.8,6,1,1
0.0891,36.1,3,0,1
0.3557,36.7,0,0,0
0.294,36.1,2,0,0
0.1689,57.8,1,0,0
0.089,2.7,8,1,1
0.4528,3.4,4,0,1
0.216,30.7,3,0,0
0.4227,92.3,4,0,0
0.0333,18.8,3,0,0
0.452,97.0,4,0,1
0.4816,83.5,5,1,1
0.3426,70.0,5,0,0
0.1747,72.2,2,0,0
0.2195,68.6,2,0,0
0.297,51.4,4,0,0
0.251,35.6,4,0,0
0.1859,0.7,6,0,0
0.4774,4.3,5,1,1
0.1369,4.3,2,1,1
0.4925,0.7,5,1,1
0.1915,3.7,2,0,0
0.3025,75.7,5,0,0
0.4355,32.7,6,1,1
0.1308,11.2,4,1,0
0.1561,47.3,3,0,0
0.2197,20.1,4,1,0
0.2871,4.6,2,1,1
0.6014,64.8,4,0,1
0.0493,12.4,2,1,0
0.1819,36.0,2,0,0
0.2467,10.3,5,1,0
0.367,20.8,2,0,1
0.24,50.8,5,0,0
0.0965,5.1,4,1,1
0.2442,113.5,1,0,0
0.1298,2.2,2,1,0
0.4325,22.9,9,1,1
0.6156,74.3,4,1,1
0.2776,87.4,5,1,1
0.084,7.9,3,1,1
0.1213,4.7,3,0,0
0.1926,38.7,4,1,1
0.5092,1.3,3,1,1
0.1221,19.9,2,0,0
0.0997,47.7,4,0,0
0.0464,24.6,2,1,0
0.2988,6.2,8,0,1
0.082,20.0,1,1,0
0.0979,76.3,4,0,0
0.4809,28.8,5,1,0
0.3053,38.3,1,0,0
0.3322,12.3,1,1,0
0.1443,6.3,3,1,0
0.5147,8.9,2,0,0
0.4411,22.9,4,1,1
0.2684,9.9,4,1,0
0.1206,23.4,0,0,0
0.5322,36.9,2,0,0
0.097,39.8,5,0,0
0.2776,5.4,4,1,0
0.0651,41.6,2,1,1
0.5958,33.5,2,1,0
0.2364,0.4,3,0,1
0.0917,1.8,2,0,0
0.0649,31.2,3,0,0
0.4513,14.5,3,1,1
0.165,4.7,2,0,0
0.0262,1.4,4,0,0
0.2178,5.2,0,0,0
0.7479,94.8,3,0,1
0.1852,39.0,2,0,0
0.7138,22.5,1,0,0
0.581,85.2,6,1,1
0.3386,29.0,3,1,1
0.1471,38.8,2,0,0
0.362,10.0,2,0,0
0.2151,26.7,1,1,0
0.3195,4.6,2,1,0
0.129,15.5,3,0,0
0.1604,1.0,3,1,1
0.3736,7.3,4,1,0
0.3061,2.3,2,1,0
0.035,14.7,1,1,0
0.4158,55.6,0,0,0
0.2423,14.2,4,0,0
0.1277,53.4,3,1,0
0.4877,32.1,2,0,0
0.2215,21.4,1,0,0
0.2372,8.1,2,1,0
0.4026,76.6,4,1,0
0.2098,1.7,1,0,0
0.0418,35.0,6,1,0
0.1208,29.1,2,0,0
0.4495,17.5,6,0,0
0.0966,8.2,5,0,1
0.3401,16.9,6,1,0
0.3124,61.9,2,0,0
0.3411,54.4,5,0,0
0.249,85.1,4,0,0
0.12,11.0,3,1,1
0.2027,14.7,1,1,0
0.2059,0.6,1,1,0
0.5273,85.9,2,0,0
0.4069,12.0,2,1,1
0.1205,15.5,3,0,1
0.3908,71.5,4,0,0
0.0683,22.4,2,0,0
0.3007,25.1,1,1,1
0.2826,5.8,3,0,1
0.1401,20.7,1,1,0
0.0658,75.1,5,0,0
0.1285,24.5,2,0,0
0.1315,8.8,2,1,0
0.1333,1.0,2,0,0
0.3793,12.3,1,1,0
0.0371,25.5,4,0,0
0.4886,1.3,3,0,1
0.1188,28.2,4,1,0
0.3234,22.2,7,1,1
0.3732,45.9,2,1,0
0.4771,0.9,6,1,1
0.3932,45.5,3,0,1
0.1799,22.1,2,1,1
0.1441,13.9,1,1,0
0.4077,100.9,5,1,1
0.4374,5.2,2,1,0
0.2774,23.4,4,0,0
0.1206,11.6,4,1,0
0.2227,22.5,4,1,1
0.3626,24.1,2,1,1
0.1059,2.8,1,0,0
0.3303,32.5,4,1,0
0.1699,30.2,2,1,0
0.1565,44.0,7,1,0
0.2404,2.9,4,0,1
0.4758,10.6,3,1,1
0.3794,31.5,6,1,0
0.327,4.4,4,1,0
0.764,34.0,3,1,1
0.4697,1.8,5,1,1
0.2421,12.2,2,1,1
0.22,56.3,5,0,1
0.4134,44.7,2,1,1
0.3291,31.0,2,1,1
0.0927,61.3,1,0,0
0.1441,37.1,4,0,0
0.0921,22.0,4,0,0
0.1217,116.9,3,0,0
0.1678,35.6,2,0,0
0.2401,27.6,4,1,0
0.1773,15.8,2,0,0
0.1798,69.8,2,0,0
0.3397,10.5,1,0,1
0.2417,0.3,1,1,0
0.5003,6.6,0,1,1
0.3872,3.5,2,0,1
0.3478,11.5,5,0,0
0.4184,52.4,4,0,0
0.1145,31.6,1,0,0
0.3714,5.6,1,0,1
0.1553,46.7,4,0,0
0.4978,21.0,3,0,0
0.2786,21.6,5,1,1
0.1734,13.5,3,0,0
0.5416,60.0,4,0,1
0.3593,11.5,3,0,0
0.2171,3.0,1,1,0
0.5643,10.8,2,1,0
0.5842,37.7,2,1,0
0.2304,32.2,5,1,1
0.0409,6.2,4,1,0
0.2214,3.6,1,1,1
0.3742,32.4,4,0,0
0.2047,33.8,2,0,0
0.1045,13.7,10,1,1
0.2817,55.5,2,1,1
0.1716,114.8,2,0,0
0.4237,6.9,0,0,0
0.0579,25.8,2,0,0
0.532,0.2,3,1,0
0.4555,37.5,6,0,0
0.0687,16.0,2,0,1
0.1244,6.4,8,1,1
0.235,41.9,1,0,0
0.5339,49.9,4,0,0
0.1483,3.5,3,1,0
0.203,1.3,0,0,0
0.4223,12.2,1,1,0
0.2841,29.5,3,0,0
0.2532,47.3,2,1,0
0.1235,23.7,2,1,0
0.3955,26.1,0,0,0
0.5245,48.3,2,1,0
0.4095,22.6,0,0,0
0.2616,28.3,3,1,1
0.317,21.8,4,1,1
0.1899,63.7,2,0,1
0.3758,8.1,4,0,0
0.3613,9.2,4,1,1
0.3316,4.1,4,1,0
0.2039,51.4,2,0,0
0.2501,15.9,3,1,1
0.1739,12.8,0,0,0
0.3089,119.5,4,0,0
0.2239,78.4,2,0,0
0.2001,107.3,4,0,0
0.7822,4.6,1,0,1
0.0374,66.6,4,1,0
0.3396,12.0,3,0,0
0.076,0.4,3,0,0
0.2561,14.9,4,1,0
0.4118,21.4,1,1,0
0.1324,3.4,3,1,0
0.0561,23.1,5,1,0
0.345,51.4,3,0,0
0.1505,14.2,3,1,0
0.1128,13.0,4,0,1
0.2129,12.4,2,1,0
0.602,77.0,4,1,1
0.1958,1.5,7,0,0
0.1675,17.7,2,0,1
0.2098,9.2,3,1,1
0.0988,67.3,2,0,0
0.2141,3.0,2,0,1
0.5298,15.9,2,0,0
0.1168,15.7,2,1,0
0.1254,65.8,2,0,0
0.3844,7.3,4,1,0
0.4196,31.1,2,0,1
0.4895,4.3,0,1,1
0.0487,92.4,1,0,0
0.1918,27.0,2,1,0
0.4068,29.5,7,1,1
0.0881,17.1,3,1,0
0.4785,12.6,1,0,1
0.419,7.2,3,0,0
0.0855,27.8,4,1,1
0.1854,92.7,5,1,0
0.1984,13.4,3,0,0
0.3332,64.4,3,0,0
0.2148,4.8,2,1,1
0.1442,82.5,0,0,0
0.5515,12.9,1,1,0
0.1815,14.3,3,0,0
0.2531,18.6,2,0,0
0.3535,38.0,4,0,0
0.1869,38.2,0,1,0
0.3602,19.6,4,0,1
0.2033,22.2,4,0,1
0.6081,0.9,3,0,0
0.1646,10.9,4,1,1
0.2083,12.7,3,0,0
0.449,24.5,0,0,0
0.4816,24.5,1,0,0
0.2542,37.1,3,1,0
0.6144,37.9,5,1,1
0.0684,8.0,4,1,1
0.2475,44.1,3,0,0
0.2014,0.6,3,0,0
0.2748,37.8,1,1,1
0.15,3.2,3,1,0
0.2831,39.2,3,0,0
0.097,22.5,4,0,0
0.24,17.2,5,0,1
0.2388,35.2,4,0,0
0.2971,1.1,2,1,1
0.2445,7.6,2,0,0
0.1898,28.7,2,0,0
0.1309,56.4,3,0,0
0.3389,14.4,7,1,1
0.1856,9.0,5,0,1
0.3812,21.9,4,1,0
0.1931,29.2,0,0,0
0.1146,16.3,0,0,0
0.0737,62.8,6,1,0
0.1539,22.2,6,1,0
0.5866,1.1,2,1,1
0.0828,7.6,2,0,1
0.1166,18.0,2,0,0
0.2435,35.9,3,0,0
0.1644,7.4,0,0,0
0.2382,112.2,0,0,0
0.3452,11.5,2,0,1
0.5328,22.8,6,1,1
0.1845,0.6,4,1,0
0.6278,64.9,2,0,0
0.4942,46.7,1,0,1
0.153,6.5,4,0,0
0.505,81.2,5,0,0
0.1366,11.4,1,0,0
0.0842,35.3,3,0,1
0.1169,51.3,2,0,0
0.2135,40.5,4,1,1
0.0362,74.9,5,0,0
0.1165,59.9,5,1,0
0.0541,156.7,0,0,0
0.6375,6.0,5,0,0
0.1925,10.9,1,0,0
0.3662,30.3,1,0,0
0.1736,39.6,5,1,1
0.2452,22.9,2,0,0
0.0721,2.3,1,0,0
0.1467,55.3,3,1,0
0.2911,97.2,1,0,0
0.0696,15.6,4,0,0
0.1602,7.6,3,0,1
0.2752,0.6,0,0,0
0.0974,8.1,2,1,0
0.5106,36.1,3,1,0
0.2219,72.8,1,0,0
0.3513,2.9,3,0,0
0.2157,24.2,6,0,0
0.31,35.7,2,0,0
0.1659,9.7,2,0,0
0.1012,25.3,2,1,0
0.0974,37.7,3,0,0
0.3364,54.6,4,1,0
0.219,18.1,8,0,0
0.1548,41.3,6,0,0
0.0831,10.8,6,1,0
0.2156,7.2,2,0,1
0.2296,6.2,6,0,0
0.3308,13.3,3,1,0
0.33,1.1,5,1,1
0.463,10.0,3,0,0
0.0506,31.7,1,0,0
0.3033,31.3,2,1,0
0.1982,2.3,4,1,0
0.2147,10.2,4,1,0
0.1659,25.3,1,0,0
0.0767,11.5,5,0,0
0.1446,16.2,0,1,1
0.2314,37.4,1,1,1
0.3131,0.3,1,0,0
0.3381,9.7,6,1,0
0.1027,4.6,3,1,1
0.2462,4.1,0,0,0
0.3002,95.9,5,0,0
0.257,14.2,1,0,1
0.0319,22.5,3,0,0
0.2606,39.7,1,0,0
0.1771,1.5,3,0,1
0.1817,8.3,5,1,0
0.4436,53.5,4,0,1
0.4124,59.4,3,0,0
0.1822,14.0,5,1,1
0.2106,14.1,3,1,1
0.106,42.4,3,0,0
0.0786,10.5,3,0,0
0.4391,3.7,5,1,1
0.5256,8.9,2,1,1
0.4141,14.7,1,0,0
0.6349,1.6,3,1,1
0.2942,19.5,2,1,1
0.2406,40.4,2,0,0
0.3253,21.6,6,0,1
0.284,2.2,3,0,0
0.2791,17.4,4,0,0
0.2501,37.0,1,0,0
0.2695,1.8,4,0,0
0.3687,1.9,1,1,0
0.1166,13.9,0,0,0
0.3979,6.5,7,0,0
0.3533,81.9,2,0,0
0.0507,26.1,2,0,0
0.3063,10.2,5,0,1
0.4158,36.6,0,0,0
0.1395,14.1,2,1,1
0.3774,4.3,2,0,0
0.497,8.1,2,1,0
0.2876,30.9,3,0,0
0.3707,1.6,3,0,0
0.0952,9.6,5,0,1
0.4129,7.0,7,1,0
0.2781,6.7,2,0,0
0.4728,34.4,5,1,0
0.4058,52.4,4,0,0
0.2593,37.7,5,0,0
0.278,31.1,3,0,1
0.1983,74.5,0,0,1
0.2832,1.8,1,0,0
0.5231,5.5,7,1,1
0.2504,16.1,0,1,0
0.5203,14.0,1,1,1
0.5296,16.2,4,1,1
0.1362,6.9,4,0,0
0.2311,4.9,1,0,0
0.1669,21.4,1,0,0
0.4424,79.0,2,0,1
0.2607,14.9,2,1,1
0.2793,1.3,7,1,0
0.4312,36.7,3,0,0
0.6185,10.3,2,0,1
0.6168,8.4,0,0,0
0.2229,11.8,3,1,0
0.5408,38.6,0,1,0
0.3771,51.2,2,0,0
0.389,26.6,2,1,1
0.6392,11.7,2,1,1
0.1107,11.2,2,0,0
0.2354,4.0,3,0,0
0.5278,81.2,6,1,1
0.2222,30.5,3,1,0
0.3435,0.8,1,1,1
0.188,32.6,1,0,0
0.2153,17.8,3,1,1
0.3708,107.9,0,0,0
0.4214,51.3,5,1,1
0.1944,5.6,3,0,0
0.4189,38.2,4,0,0
0.2447,19.9,8,1,1
0.4007,6.2,0,1,1
0.2726,36.0,2,0,0
0.3369,23.8,1,0,0
0.2622,0.9,2,0,0
0.0822,31.2,3,0,0
0.2222,30.2,2,1,0
0.2861,4.7,3,1,0
0.2517,12.9,8,1,0
0.6647,26.4,1,0,0
0.4181,4.5,1,1,0
0.3395,57.5,4,0,1
0.2827,0.8,2,1,1
0.0626,3.3,3,0,0
0.2732,3.7,6,0,1
0.4054,22.5,4,1,0
0.1777,29.0,2,0,1
0.1766,15.5,4,0,0
0.117,10.2,3,0,0
0.1344,49.7,1,0,0
0.8023,2.1,4,1,1
0.4167,9.9,2,1,0
0.3452,1.2,0,1,1
0.3415,0.4,3,0,0
0.6091,13.1,5,1,1
0.487,6.5,5,1,1
0.0529,9.4,1,1,1
0.149,51.6,5,1,0
0.3601,5.3,3,0,0
0.3091,45.5,3,0,0
0.2866,33.7,6,0,0
0.1069,11.9,3,1,1
0.2357,23.7,4,1,0
0.3892,17.6,3,0,1
0.1966,4.1,3,0,0
0.093,71.3,1,0,0
0.4345,25.3,4,0,1
0.0891,63.7,2,0,1
0.4261,52.1,3,1,1
0.247,2.5,4,0,1
0.2471,7.0,2,0,0
0.3871,4.7,2,1,0
0.1979,53.3,5,0,0
0.5329,59.5,3,1,0
0.1517,22.5,5,0,0
0.3832,3.3,3,1,1
0.1811,4.4,5,1,1
0.3201,50.4,5,0,0
0.3075,79.4,2,0,0
0.3536,6.7,2,0,0
0.1083,0.3,3,0,0
0.4725,12.1,2,0,0
0.4185,0.9,3,0,0
0.3393,52.8,2,0,0
0.1775,20.3,3,0,0
0.1772,30.8,1,1,0
0.4678,15.9,3,1,1
0.1248,12.7,4,0,0
0.2058,7.5,5,0,0
0.582,44.2,4,0,1
0.2159,35.7,1,0,0
0.3483,13.4,0,1,1
0.2206,11.6,4,1,0
0.571,0.0,5,1,1
0.5975,2.0,3,1,0
0.4736,29.3,3,0,0
0.3126,21.7,5,1,0
0.3005,17.1,3,1,0
0.4107,52.7,4,0,0
0.4351,21.0,2,1,0
0.2726,14.6,0,1,0
0.4343,5.3,3,1,0
0.3221,51.6,3,0,1
0.0915,25.8,0,0,0
0.186,2.9,1,1,1
0.3571,31.4,6,0,0
0.3477,16.6,1,0,0
0.3558,50.0,3,0,1
0.5913,75.4,3,0,0
0.0848,27.5,5,1,1
0.3441,39.5,5,1,0
0.4942,1.7,2,0,0
0.3467,24.6,3,1,1
0.1845,42.2,3,0,0
0.1368,20.6,4,1,0
0.1094,27.0,1,0,0
0.2026,68.8,2,0,0
0.3456,6.6,7,0,1
0.259,3.1,3,1,0
0.6958,35.2,2,1,1
0.1002,51.9,3,0,1
0.2439,57.0,1,0,0
0.135,30.8,3,1,0
0.0753,53.7,2,0,0
0.727,36.2,2,1,1
0.5023,2.7,1,1,0
0.2972,43.1,2,0,0
0.4318,5.9,0,0,0
0.1555,8.1,5,0,0
0.1433,15.1,2,0,0
0.033,11.3,4,1,1
0.4074,11.6,3,0,0
0.5167,5.6,4,1,1
0.2197,10.4,4,1,0
0.0853,0.6,1,1,1
0.3962,19.2,3,0,0
0.3446,43.9,4,1,0
0.3798,59.5,3,0,1
0.1729,51.5,1,0,1
0.2363,16.2,2,1,0
0.4942,39.3,3,0,0
0.1301,10.2,5,0,1
0.4036,1.7,3,1,0
0.2814,33.8,4,1,0
0.3164,31.4,6,1,0
0.4301,48.5,4,0,1
0.628,28.7,4,1,1
0.2649,5.1,2,0,1
0.0879,57.6,2,1,1
0.0322,29.6,1,0,0
0.4675,49.4,2,1,0
0.1954,44.6,5,0,0
0.27,10.6,2,1,0
0.0569,2.3,3,0,0
0.1394,5.8,4,1,0
0.2047,2.9,1,1,1
0.4574,8.4,1,1,0
0.2283,18.5,3,0,0
0.5794,71.2,5,0,0
0.128,61.7,2,0,0
0.0906,38.0,3,1,0
0.2521,0.7,7,0,0
0.2407,12.5,3,0,0
0.1608,34.4,4,0,0
0.3168,4.1,3,1,0
0.2252,48.4,0,0,0
0.193,73.8,5,0,0
0.4643,13.1,7,1,0
0.4276,36.7,2,0,1
0.3832,4.8,3,0,0
0.6557,35.2,4,1,1
0.1895,0.7,1,1,1
0.3835,4.9,6,1,0
0.5202,37.1,3,0,1
0.3577,37.3,4,1,0
0.5222,30.7,2,0,0
0.1982,19.5,2,0,0
0.3247,33.7,6,1,0
0.3132,44.6,5,0,0
0.1037,101.9,5,0,0
0.2806,65.8,3,0,0
0.1479,47.5,2,0,0
0.4693,35.6,1,0,0
0.1504,25.6,2,1,0
0.5918,3.9,3,0,1
0.4962,5.4,2,1,0
0.072,51.5,7,1,1
0.1407,48.8,2,0,0
0.1988,28.6,3,0,1
0.3707,17.3,2,0,0
0.5411,0.8,2,0,1
0.3086,11.9,2,1,1
0.5599,16.4,3,0,1
0.2197,20.0,2,0,0
0.2836,79.5,5,0,1
0.2337,3.5,2,0,0
0.4952,21.9,3,0,1
0.2359,13.8,5,0,0
0.5351,138.5,2,0,0
0.3423,59.4,5,1,1
0.1472,17.3,4,1,0
0.3453,242.9,7,0,0
0.2382,21.7,3,0,0
0.4126,5.5,4,0,1
0.4771,24.3,2,1,0
0.4534,7.7,4,0,0
0.3398,30.3,1,0,0
0.2169,83.1,4,0,0
0.2866,46.3,2,0,0
0.1263,9.6,2,1,1
0.6206,10.6,1,0,0
0.2225,2.2,5,0,1
0.3631,10.1,3,0,0
0.0734,2.9,3,0,0
0.3127,20.8,2,0,0
0.0715,37.0,2,1,0
0.5867,41.7,1,1,1
0.2181,1.8,3,1,0
0.3739,12.5,2,0,0
0.3642,10.2,1,0,0
0.1026,3.3,0,0,0
0.2004,13.5,1,0,0
0.2109,10.7,2,0,0
0.0435,30.2,3,0,1
0.3705,64.4,1,0,1
0.0582,18.2,3,1,0
0.4049,41.2,4,0,1
0.3372,4.7,7,1,0
0.4744,67.6,6,1,1
0.0342,5.0,3,0,1
0.5791,6.4,4,1,0
0.0216,3.4,2,0,1
0.3718,11.1,5,1,1
0.072,24.1,4,0,1
0.2355,132.7,4,0,0
0.0717,47.3,5,0,1
0.1912,14.4,6,0,0
0.3526,25.7,2,1,0
0.3203,29.3,3,0,0
0.2074,51.9,1,1,0
0.4892,40.0,3,0,1
0.0778,25.3,0,0,1
0.0669,33.2,3,0,0
0.0736,41.1,1,0,1
0.2319,4.3,1,0,1
0.0549,6.7,4,0,1
0.2765,35.0,6,1,0
0.2288,57.0,4,0,1
0.1846,15.8,4,1,1
0.0794,117.2,2,0,1
0.4344,7.3,1,0,0
0.2543,16.2,6,0,0
0.2349,14.3,2,1,1
0.1702,79.9,1,0,0
0.2874,10.1,0,0,1
0.5629,19.1,6,1,0
0.1344,6.2,1,1,1
0.1403,22.1,3,1,0
0.0946,58.4,2,0,0
0.2922,10.9,1,0,0
0.3947,49.9,2,0,1
0.1107,72.7,3,0,0
0.2342,2.3,3,1,0
0.2111,42.4,2,0,0
0.3261,8.8,4,1,0
0.3384,5.8,0,0,0
0.1866,27.6,1,0,0
0.0825,36.7,2,0,0
0.0918,15.1,3,0,0
0.1493,1.2,2,0,0
0.2941,71.8,3,0,0
0.1114,39.4,4,0,0
0.298,9.5,1,1,1
0.2872,20.6,5,0,1
0.672,0.8,6,1,1
0.521,12.4,4,1,1
0.7878,22.2,5,1,0
0.3296,21.8,1,1,1
0.3204,7.0,8,1,1
0.1159,45.0,4,1,1
0.5177,10.7,3,1,0
0.1587,26.1,4,1,0
0.1362,9.5,3,1,0
0.5324,16.6,4,0,0
0.4066,7.0,7,1,0
0.1173,30.1,3,1,0
0.1396,16.6,4,0,1
0.163,0.5,6,1,1
0.2549,0.9,6,1,0
0.3722,19.1,6,0,1
0.4383,6.1,3,0,1
0.2607,26.4,2,0,0
0.2136,15.7,3,1,1
0.3712,31.9,4,0,0
0.2546,91.3,4,0,0
0.1273,22.6,3,0,0
0.5275,46.4,1,0,1
0.2259,42.0,3,0,0
0.1394,76.5,6,0,0
0.1921,7.2,5,1,1
0.3955,52.7,2,0,0
0.1206,70.8,4,0,1
0.5228,15.0,0,1,1
0.3365,11.3,7,0,0
0.3993,91.1,4,1,1
0.3495,29.6,2,0,0
0.1182,14.4,0,0,1
0.3544,47.1,2,0,0
0.0913,10.9,1,0,0
0.3405,5.8,3,0,0
0.1999,23.6,5,1,0
0.2043,25.1,2,1,1
0.1198,52.4,4,1,0
0.2184,18.3,3,0,0
0.3294,50.6,3,0,0
0.0909,11.2,7,1,0
0.1484,25.7,4,1,0
0.2834,7.0,3,0,0
0.0266,14.6,2,0,1
0.0513,58.5,3,0,0
0.1298,7.3,2,0,0
0.2845,49.9,1,0,0
0.3202,10.0,4,0,0
0.3484,1.1,2,1,0
0.3137,3.5,3,1,1
0.3366,41.1,1,0,1
0.1568,9.1,1,0,0
0.2666,31.9,2,0,0
0.3055,36.0,1,1,0
0.3709,12.7,3,1,0
